cat,month,n,no,ng,S_all,recon,resid,SA,SB,D,pi
cs.AI,2023-05,50,37,13,1.2220097862620998,1.2220097862620998,0.0,1.2345034925587048,1.1045587646020054,1.2237569199335103,0.26
cs.AI,2023-08,50,30,20,1.217146062048136,1.2171460620481358,2.220446049250313e-16,1.2334101738357472,1.1570986643010266,1.2243695902887022,0.4
cs.AI,2023-09,50,31,19,1.2295277740091939,1.2295277740091937,2.220446049250313e-16,1.2466434616118582,1.1612241988008596,1.2358454592814963,0.38
cs.AI,2023-10,50,32,18,1.226251661046734,1.2262516610467342,-2.220446049250313e-16,1.2365414631182559,1.182731523893204,1.2289510345832195,0.36
cs.AI,2023-11,50,32,18,1.228868836704307,1.228868836704307,0.0,1.2549647098798513,1.1325489351333369,1.2319823642134886,0.36
cs.AI,2023-12,50,40,10,1.2454280475402093,1.2454280475402089,4.440892098500626e-16,1.260747205161509,1.1320489440280253,1.228310839323795,0.2
cs.AI,2024-01,50,37,13,1.2094912132837194,1.2094912132837192,2.220446049250313e-16,1.2342573895121243,1.0993578964739796,1.193059041439732,0.26
cs.AI,2024-02,50,26,24,1.2018156764052352,1.2018156764052352,0.0,1.2316552819364321,1.1388011324992493,1.2141460326879485,0.48
cs.AI,2024-03,50,32,18,1.2252366513529929,1.225236651352993,-2.220446049250313e-16,1.2426769814393053,1.1414430517878238,1.2324762642187221,0.36
cs.AI,2024-04,50,22,28,1.2061432491677282,1.2061432491677282,0.0,1.2390788564321285,1.1463185384926105,1.230503014357855,0.56
cs.AI,2024-05,50,31,19,1.235225336950917,1.2352253369509167,2.220446049250313e-16,1.234685062264584,1.2115209363303368,1.2425337923588353,0.38
cs.AI,2024-06,50,28,22,1.2141254612866337,1.214125461286634,-2.220446049250313e-16,1.239512522134627,1.1362758129127717,1.2277406557246544,0.44
cs.AI,2024-07,50,26,24,1.2043911388803656,1.2043911388803656,0.0,1.2426449974186813,1.1149458026424162,1.2240296144840859,0.48
cs.AI,2024-08,50,31,19,1.1978528143499083,1.1978528143499083,0.0,1.2227601435025408,1.105887021021077,1.2048888798902413,0.38
cs.AI,2024-09,50,21,29,1.2034501585620199,1.20345015856202,-2.220446049250313e-16,1.2536633759542923,1.1428272815402827,1.2265505073607852,0.58
cs.AI,2024-10,50,22,28,1.1816781756893457,1.181678175689346,-2.220446049250313e-16,1.235385134129789,1.1136671713739175,1.203272091649556,0.56
cs.AI,2024-11,50,33,17,1.2215134521342725,1.2215134521342725,0.0,1.2365107874120915,1.154273916707643,1.223698806486025,0.34
cs.AI,2024-12,50,29,21,1.1849994811286528,1.1849994811286528,0.0,1.216300190418497,1.1111379745950931,1.1896018266136623,0.42
cs.AI,2025-01,50,23,27,1.1965650429388985,1.1965650429388983,2.220446049250313e-16,1.218483029363934,1.1476630795223612,1.2152757331058397,0.54
cs.AI,2025-02,50,27,23,1.1678841989928996,1.1678841989928994,2.220446049250313e-16,1.201389521726668,1.0935990838672118,1.179210714044826,0.46
cs.AI,2025-03,50,22,28,1.1898427853553772,1.1898427853553772,0.0,1.2364670222905196,1.1363343148592049,1.2051934397637134,0.56
cs.AI,2025-04,50,20,30,1.1709152492096944,1.1709152492096944,0.0,1.202537722711836,1.1222850328118272,1.19615837282247,0.6
cs.AI,2025-05,50,22,28,1.1418795809692346,1.1418795809692348,-2.220446049250313e-16,1.1885668891270706,1.0832155446601757,1.1603702263269688,0.56
cs.AI,2025-06,50,17,33,1.1815308318745315,1.1815308318745315,0.0,1.2412823656953678,1.132291494924115,1.2133885169194263,0.66
cs.AI,2025-07,50,21,29,1.1798979547804276,1.1798979547804276,0.0,1.2436505992181113,1.111978460016219,1.203193947460814,0.58
cs.AI,2025-08,50,22,28,1.1458325476996447,1.145832547699645,-2.220446049250313e-16,1.1816683454385826,1.0969447536615233,1.1623934517072996,0.56
cs.AI,2025-09,50,16,34,1.1399165639243227,1.1399165639243227,0.0,1.201758577719754,1.0991374734873198,1.1683283802473132,0.68
cs.AI,2025-10,50,22,28,1.1746671587431272,1.1746671587431272,0.0,1.2135077852957836,1.131762371080254,1.1864298616699167,0.56
cs.AI,2025-11,50,22,28,1.1645952403817807,1.1645952403817805,2.220446049250313e-16,1.18907667348829,1.1119298318099655,1.1877321127722715,0.56
cs.AI,2025-12,50,23,27,1.182841993812295,1.1828419938122947,2.220446049250313e-16,1.2141152911593485,1.1399371948283885,1.1943515593751715,0.54
cs.AR,2024-09,50,40,10,1.1346992882808948,1.1346992882808948,0.0,1.129933721159358,1.0688228508327027,1.1514032433808132,0.2
cs.AR,2024-10,50,40,10,1.1183600121118478,1.1183600121118475,2.220446049250313e-16,1.1166328167314652,1.0997950512474821,1.1238166012008346,0.2
cs.AR,2024-12,50,34,16,1.1495783767530374,1.1495783767530376,-2.220446049250313e-16,1.150286083650739,1.043750430434712,1.172192953937943,0.32
cs.AR,2025-04,50,37,13,1.0779647851924448,1.0779647851924445,2.220446049250313e-16,1.081090686247864,1.015234050917449,1.083809166004379,0.26
cs.AR,2025-05,50,38,12,1.13028120364445,1.13028120364445,0.0,1.152662603471301,1.0055780535078638,1.1138256857294027,0.24
cs.AR,2025-06,50,38,12,1.0951538801205847,1.0951538801205847,0.0,1.0880404595947302,1.0219873285592318,1.1167102990519995,0.24
cs.AR,2025-07,50,34,16,1.1390937051983863,1.1390937051983863,0.0,1.1804770578053059,0.9853536309610014,1.1303303744925117,0.32
cs.AR,2025-09,50,34,16,1.1251571944828687,1.1251571944828687,0.0,1.1611632505938594,0.9937036070209452,1.1170230639997158,0.32
cs.AR,2025-10,50,38,12,1.1235199262010438,1.1235199262010438,0.0,1.1222921641629482,1.0705758388163962,1.1330756860259734,0.24
cs.AR,2025-12,50,37,13,1.1295324047701372,1.1295324047701372,0.0,1.1469014338486054,1.01771025296759,1.1236163018061849,0.26
cs.CE,2025-07,50,40,10,1.2568544043275551,1.2568544043275551,0.0,1.263121807510335,1.1014718309259781,1.262113507628812,0.2
cs.CE,2025-08,50,39,11,1.2773974023386683,1.2773974023386683,0.0,1.2901352897173786,1.1292158887650647,1.2743932268116844,0.22
cs.CE,2025-10,50,38,12,1.2493021259926989,1.2493021259926989,0.0,1.2574905864504402,1.1462595656817796,1.2515923042355244,0.24
cs.CL,2023-01,50,38,12,1.1272906245164718,1.1272906245164718,0.0,1.1421495171448097,1.059324838167038,1.1142203183352024,0.24
cs.CL,2023-02,50,40,10,1.1183967334226599,1.1183967334226597,2.220446049250313e-16,1.1320099714508056,1.0482392102899267,1.099743640620208,0.2
cs.CL,2023-03,50,37,13,1.134064233565808,1.134064233565808,0.0,1.142256754997963,1.0837106552060312,1.1308861874914784,0.26
cs.CL,2023-04,50,32,18,1.1055845695957593,1.1055845695957593,0.0,1.1205695285829522,1.060709556871126,1.1046007801673237,0.36
cs.CL,2023-05,50,35,15,1.1134189894406854,1.1134189894406852,2.220446049250313e-16,1.1134244184017346,1.0570826082039446,1.1246801128655108,0.3
cs.CL,2023-06,50,32,18,1.1280431589545497,1.1280431589545494,2.220446049250313e-16,1.1358639422915635,1.0965604049128612,1.1296712020677775,0.36
cs.CL,2023-07,50,33,17,1.1461328435144167,1.1461328435144171,-4.440892098500626e-16,1.1591040578436569,1.0837957008724501,1.1490366763726503,0.34
cs.CL,2023-08,50,28,22,1.1384715781277963,1.1384715781277963,0.0,1.1467042116811383,1.1118728123375734,1.1433942719823065,0.44
cs.CL,2023-09,50,22,28,1.1118881433531977,1.1118881433531977,0.0,1.1501450563080449,1.0659521695725298,1.1257297849059946,0.56
cs.CL,2023-10,50,16,34,1.1056358566500875,1.1056358566500872,2.220446049250313e-16,1.147994341851137,1.0719316263677863,1.1310495606284787,0.68
cs.CL,2023-11,50,25,25,1.127621943334016,1.127621943334016,0.0,1.1650048923025427,1.067235415374255,1.1386636612498084,0.5
cs.CL,2023-12,50,25,25,1.1409363743681897,1.1409363743681897,0.0,1.169902630717224,1.0875239949953281,1.152670513419627,0.5
cs.CL,2024-01,50,18,32,1.1088764222049843,1.1088764222049845,-2.220446049250313e-16,1.1416487915869615,1.0710375598177433,1.1327547264213544,0.64
cs.CL,2024-03,50,21,29,1.1149108996645956,1.1149108996645958,-2.220446049250313e-16,1.1251945057981687,1.1005399003294385,1.1209454948074913,0.58
cs.CL,2024-04,50,17,33,1.1191359011183732,1.1191359011183732,0.0,1.1450350540943237,1.095199578445714,1.1353856222706635,0.66
cs.CL,2024-05,50,17,33,1.128959746134814,1.128959746134814,0.0,1.1526147609721993,1.104501126868931,1.1462450740394516,0.66
cs.CL,2024-06,50,22,28,1.1091320965661065,1.1091320965661065,0.0,1.1273059390792919,1.0843727839582686,1.1175101201784714,0.56
cs.CL,2024-07,50,18,32,1.1174427166949055,1.1174427166949055,0.0,1.1238411612222097,1.0990709431879022,1.1315632681650374,0.64
cs.CL,2024-08,50,15,35,1.1082965428339062,1.1082965428339062,0.0,1.1405005865898528,1.0852251575450504,1.1280033040767536,0.7
cs.CL,2024-09,50,17,33,1.1092222007623362,1.1092222007623365,-2.220446049250313e-16,1.1411629063456388,1.0801441472739235,1.128846579162609,0.66
cs.CL,2024-12,50,16,34,1.1083401680405458,1.108340168040546,-2.220446049250313e-16,1.170429291869543,1.0688663565176635,1.135351405917122,0.68
cs.CL,2025-01,50,22,28,1.132512486310286,1.1325124863102862,-2.220446049250313e-16,1.1362804195543699,1.1130235305009057,1.1430586433176928,0.56
cs.CL,2025-04,50,20,30,1.1486799678277866,1.1486799678277866,0.0,1.1967268300812413,1.1096500083442797,1.1617618487397352,0.6
cs.CL,2025-07,50,17,33,1.1355987845734141,1.1355987845734141,0.0,1.166708076855711,1.1173510854679403,1.14523144299997,0.66
cs.CL,2025-12,50,17,33,1.0961623990891312,1.096162399089131,2.220446049250313e-16,1.1288952683621816,1.0775999784584156,1.105697671588031,0.66
cs.CR,2024-02,50,39,11,1.186460974698933,1.1864609746989325,4.440892098500626e-16,1.1987798743771392,1.036100669423677,1.1844598374695339,0.22
cs.CR,2024-03,50,40,10,1.163019011845036,1.1630190118450359,2.220446049250313e-16,1.1774992900200751,1.0104887888373333,1.1519421194920765,0.2
cs.CR,2024-04,50,37,13,1.181027219130156,1.1810272191301563,-2.220446049250313e-16,1.2004390880740297,0.9976727821009288,1.183882398697017,0.26
cs.CR,2024-05,50,40,10,1.198464972943266,1.198464972943266,0.0,1.2086562939125354,1.1001609225396387,1.1896511027235988,0.2
cs.CR,2024-06,50,39,11,1.1958938660500913,1.1958938660500913,0.0,1.2216021189463988,0.9491679984869033,1.1831202234389293,0.22
cs.CR,2024-07,50,39,11,1.1878128375639494,1.1878128375639496,-2.220446049250313e-16,1.2023177258668827,0.9807290213127702,1.1893081467978457,0.22
cs.CR,2024-09,50,40,10,1.1845827090626737,1.1845827090626737,0.0,1.2029382319601967,0.9842057288005037,1.1713318496919984,0.2
cs.CR,2024-10,50,38,12,1.1856675483576493,1.1856675483576493,0.0,1.2047225464912166,1.0784111391031421,1.1718150468727804,0.24
cs.CR,2024-11,50,38,12,1.1678530549365944,1.1678530549365944,0.0,1.1901887093468477,1.0344856285016617,1.1527221011960185,0.24
cs.CR,2025-02,50,40,10,1.1686069220502677,1.1686069220502677,0.0,1.1757607935311647,1.0778594982702794,1.1648659578377676,0.2
cs.CR,2025-04,50,34,16,1.162285840247589,1.1622858402475893,-2.220446049250313e-16,1.1895825170524255,1.0079879809823487,1.1681724347775815,0.32
cs.CR,2025-05,50,28,22,1.1421261573982486,1.1421261573982486,0.0,1.1876214731567523,1.0229617616084958,1.1588952256948697,0.44
cs.CR,2025-06,50,39,11,1.173161916582055,1.173161916582055,0.0,1.1973472179821325,1.0039444071246098,1.1530818575673745,0.22
cs.CR,2025-07,50,38,12,1.182756528989556,1.1827565289895563,-2.220446049250313e-16,1.2139774132227643,0.983523977970167,1.1634606227424826,0.24
cs.CR,2025-08,50,35,15,1.1344697616159265,1.1344697616159265,0.0,1.1593390909298709,1.0414842634438806,1.1248816213611992,0.3
cs.CR,2025-09,50,40,10,1.1771713317793966,1.1771713317793964,2.220446049250313e-16,1.1972849181020466,1.000067251673796,1.1578740474621088,0.2
cs.CR,2025-10,50,35,15,1.1631048262912818,1.1631048262912815,2.220446049250313e-16,1.194783580315443,0.9540082632537337,1.1690215510047417,0.3
cs.CR,2025-11,50,35,15,1.1730287582105667,1.1730287582105667,0.0,1.1908293229282754,1.0645835089921465,1.1745438347075143,0.3
cs.CR,2025-12,50,35,15,1.169164461589861,1.1691644615898613,-2.220446049250313e-16,1.1854537937336669,1.0865674237148197,1.1672226260685563,0.3
cs.CV,2024-12,50,37,13,1.118563378023138,1.1185633780231379,2.220446049250313e-16,1.1282627921304738,1.079978078549852,1.111390495618628,0.26
cs.CV,2025-05,50,37,13,1.125618805981179,1.1256188059811787,2.220446049250313e-16,1.143838274249751,1.0436108618719502,1.1136904354482282,0.26
cs.CV,2025-06,50,40,10,1.1356860190055948,1.135686019005595,-2.220446049250313e-16,1.1456733531921062,1.0647696589828664,1.124188807844455,0.2
cs.CV,2025-08,50,40,10,1.140712776041126,1.140712776041126,0.0,1.1405572089658866,1.108546223876751,1.1446348689563353,0.2
cs.CV,2025-09,50,40,10,1.1370746106109437,1.1370746106109437,0.0,1.1360727073158565,1.091835505145848,1.144117721401187,0.2
cs.CV,2025-10,50,36,14,1.1082359901086307,1.1082359901086307,0.0,1.1226782814874263,1.0227033152923466,1.105626525504743,0.28
cs.CV,2025-11,50,38,12,1.1093154843038884,1.1093154843038884,0.0,1.1271485353689001,1.0074698865455898,1.096563674113854,0.24
cs.CY,2023-04,50,39,11,1.2670884450197764,1.2670884450197764,0.0,1.2861082343654393,1.1041350660266758,1.25512754044981,0.22
cs.CY,2023-05,50,36,14,1.2509243011506446,1.2509243011506443,2.220446049250313e-16,1.2691592330127994,1.1200887980945924,1.2517537132636265,0.28
cs.CY,2023-06,50,40,10,1.2339740297649475,1.2339740297649475,0.0,1.2530155657918922,1.0687956354178407,1.2154256038764553,0.2
cs.CY,2023-10,50,36,14,1.2651857323101177,1.2651857323101177,0.0,1.2880366944130965,1.1248261148620349,1.2619647383872983,0.28
cs.CY,2023-11,50,34,16,1.2617755672726867,1.2617755672726867,0.0,1.2863683075882588,1.1556235658123533,1.2598301864973267,0.32
cs.CY,2024-01,50,36,14,1.2102418644043222,1.210241864404322,2.220446049250313e-16,1.221492951624889,1.1469583290865712,1.2076041992554298,0.28
cs.CY,2024-02,50,33,17,1.2390035702008262,1.2390035702008264,-2.220446049250313e-16,1.2678925280494742,1.1306983916867988,1.2380697636657494,0.34
cs.CY,2024-03,50,33,17,1.2638216932115898,1.2638216932115898,0.0,1.2876343551578358,1.1724610358998269,1.2635578142218962,0.34
cs.CY,2024-05,50,32,18,1.240190624988222,1.2401906249882222,-2.220446049250313e-16,1.2661757332642247,1.1592971764771793,1.2393018817890766,0.36
cs.CY,2024-06,50,34,16,1.236486337109193,1.236486337109193,0.0,1.266962196486441,1.1167032750596884,1.231480841402032,0.32
cs.CY,2024-07,50,40,10,1.2668877415273305,1.2668877415273303,2.220446049250313e-16,1.2806676081711648,1.157194053171742,1.2523575415118569,0.2
cs.CY,2024-08,50,32,18,1.2252601821549551,1.2252601821549551,0.0,1.2264737870273528,1.1689318099192911,1.2391773573899334,0.36
cs.CY,2024-09,50,40,10,1.2767340647083008,1.2767340647083008,0.0,1.279275989697607,1.1737007285945087,1.2833685612919554,0.2
cs.CY,2024-10,50,35,15,1.2317763396752786,1.2317763396752783,2.220446049250313e-16,1.2475744703857268,1.1756114292614996,1.225104773619526,0.3
cs.CY,2024-12,50,36,14,1.2609388847342804,1.26093888473428,4.440892098500626e-16,1.286581774210668,1.105543834917215,1.2569427124390988,0.28
cs.CY,2025-01,50,34,16,1.2465025390066344,1.2465025390066344,0.0,1.2615120365649963,1.1850661765561823,1.2445761334254086,0.32
cs.CY,2025-02,50,32,18,1.2301773397412477,1.2301773397412477,0.0,1.2401597636066903,1.1544296041294857,1.2417018559067685,0.36
cs.CY,2025-03,50,31,19,1.2229087475336977,1.2229087475336975,2.220446049250313e-16,1.2152432714257766,1.1699511063085184,1.2443352382632205,0.38
cs.CY,2025-04,50,33,17,1.2434598995820105,1.2434598995820105,0.0,1.2429965451729774,1.1919136943734638,1.2563920475968624,0.34
cs.CY,2025-05,50,31,19,1.2448864690231602,1.2448864690231605,-2.220446049250313e-16,1.2750365376415447,1.1690836423687958,1.2430910555262973,0.38
cs.CY,2025-06,50,27,23,1.1930935764510602,1.1930935764510604,-2.220446049250313e-16,1.2173539299311478,1.1389164243023098,1.2014533758425634,0.46
cs.CY,2025-07,50,30,20,1.2350505511532581,1.235050551153258,2.220446049250313e-16,1.253430057274231,1.1798510671960645,1.239205245801997,0.4
cs.CY,2025-08,50,37,13,1.214259005508289,1.214259005508289,0.0,1.2225917309410286,1.1566827027346789,1.2120580834254138,0.26
cs.CY,2025-09,50,31,19,1.2144949250211061,1.2144949250211061,0.0,1.2173885814924683,1.175939918244935,1.2234038484498697,0.38
cs.CY,2025-10,50,30,20,1.2371002153685224,1.2371002153685224,0.0,1.2715269500738933,1.1467962588925038,1.2407370855912012,0.4
cs.CY,2025-11,50,29,21,1.2352202973195423,1.2352202973195423,0.0,1.2561983148758613,1.1587220351744214,1.2476136633665207,0.42
cs.CY,2025-12,50,29,21,1.2522838765182491,1.2522838765182494,-2.220446049250313e-16,1.2671695975217578,1.191576972818642,1.2632934775847406,0.42
cs.DB,2024-07,50,39,11,1.1703356306104622,1.1703356306104622,0.0,1.1881164007675733,1.0321881215597413,1.1573346103572464,0.22
cs.DB,2024-08,50,39,11,1.169088069501072,1.169088069501072,0.0,1.177808895203063,1.0602673609366382,1.1679761979995997,0.22
cs.DB,2024-10,50,39,11,1.1600865523265147,1.160086552326515,-2.220446049250313e-16,1.1741313601070533,0.9479529446224126,1.1630239552597237,0.22
cs.DB,2024-12,50,38,12,1.1812815560412684,1.1812815560412686,-2.220446049250313e-16,1.2018777636534335,0.9959920625962502,1.1763472854623636,0.24
cs.DB,2025-01,50,40,10,1.1687888952807182,1.1687888952807182,0.0,1.1701671373427303,1.0122999285345105,1.1837063320187433,0.2
cs.DB,2025-02,50,38,12,1.1416297669690898,1.1416297669690902,-4.440892098500626e-16,1.164208198664478,0.9771189390541118,1.1306321291632369,0.24
cs.DB,2025-03,50,40,10,1.1784407667884889,1.1784407667884886,2.220446049250313e-16,1.194437344364313,1.0614785461342384,1.1604056903392346,0.2
cs.DB,2025-05,50,33,17,1.1419553900524175,1.1419553900524178,-2.220446049250313e-16,1.1532980235330266,1.0399686162403992,1.1560040366846336,0.34
cs.DB,2025-06,50,37,13,1.1524807791563476,1.1524807791563476,0.0,1.1553627887206532,1.1051295092668532,1.156168888681406,0.26
cs.DB,2025-07,50,37,13,1.1389392608505704,1.1389392608505702,2.220446049250313e-16,1.1527621034679716,1.0272404309772614,1.1379132640666385,0.26
cs.DB,2025-08,50,39,11,1.1563066006369307,1.1563066006369307,0.0,1.1643432020029865,1.0827379867659226,1.1518570718505858,0.22
cs.DB,2025-09,50,39,11,1.1691268301276392,1.169126830127639,2.220446049250313e-16,1.177411262053866,1.1085929944517734,1.162578104964092,0.22
cs.DB,2025-10,50,37,13,1.1251869750335637,1.1251869750335637,0.0,1.1279814960007386,1.0612408542202272,1.1316872795227566,0.26
cs.DB,2025-11,50,37,13,1.141333244695332,1.141333244695332,0.0,1.1624750589590915,0.9726575539532354,1.1394127781219838,0.26
cs.DB,2025-12,50,36,14,1.1572837173128618,1.1572837173128616,2.220446049250313e-16,1.1743521420976686,1.0788205763336136,1.1501151423419953,0.28
cs.DC,2025-04,50,40,10,1.1609183329002888,1.1609183329002888,0.0,1.18584222878312,0.9842444174077288,1.1321925514216806,0.2
cs.DC,2025-05,50,38,12,1.1427693050801293,1.1427693050801293,0.0,1.161583365278183,1.0130802701198047,1.1325350769839662,0.24
cs.DC,2025-06,50,40,10,1.1699108418380895,1.1699108418380892,2.220446049250313e-16,1.1955001966601524,0.9690903507869965,1.1426039051783143,0.2
cs.DC,2025-08,50,39,11,1.168979530327311,1.168979530327311,0.0,1.1872511181646634,1.0423622062614115,1.1536525052367426,0.22
cs.DC,2025-09,50,33,17,1.191972801228091,1.191972801228091,0.0,1.2178198344438327,1.1007181608145904,1.189768518800862,0.34
cs.DC,2025-11,50,39,11,1.1744791617621206,1.1744791617621206,0.0,1.1981965187527173,1.002034878245731,1.1556210593457323,0.22
cs.DC,2025-12,50,34,16,1.1294214993117662,1.1294214993117662,0.0,1.1641719136100608,1.0044000838611757,1.1211633879748686,0.32
cs.DL,2024-11,32,22,10,1.1566427931117966,1.1566427931117966,0.0,1.1572018228473568,1.0962898486539987,1.1684007323467354,0.3125
cs.DL,2025-08,44,31,13,1.1620697071937354,1.1620697071937354,0.0,1.1617544332313618,1.1302798743651816,1.1685863557126708,0.29545454545454547
cs.HC,2023-07,50,40,10,1.2485954906979555,1.2485954906979555,0.0,1.2540872637435323,1.143599390756705,1.2496985945024717,0.2
cs.HC,2023-09,50,38,12,1.2364806798929477,1.236480679892948,-2.220446049250313e-16,1.2547531875248035,1.124028758617979,1.2245864999345126,0.24
cs.HC,2023-11,50,40,10,1.2456040256971868,1.2456040256971865,2.220446049250313e-16,1.2526426735209468,1.1387357777570735,1.243901340334117,0.2
cs.HC,2023-12,50,36,14,1.2338084479302522,1.2338084479302522,0.0,1.2504888605758735,1.1269315845302956,1.2322551435704405,0.28
cs.HC,2024-01,50,40,10,1.2454188695717376,1.2454188695717379,-2.220446049250313e-16,1.2562336281879927,1.1509028770957552,1.2349631394235892,0.2
cs.HC,2024-02,50,39,11,1.2241699265891237,1.224169926589124,-2.220446049250313e-16,1.2350302411741625,1.1232260927656161,1.2183527185536445,0.22
cs.HC,2024-03,50,37,13,1.2359211895776883,1.2359211895776883,0.0,1.2428672698573937,1.1653260059833763,1.237751407569523,0.26
cs.HC,2024-05,50,35,15,1.2277749782967475,1.2277749782967478,-2.220446049250313e-16,1.242913322686698,1.1509133694480322,1.2259905097578805,0.3
cs.HC,2024-06,50,38,12,1.24950146436444,1.24950146436444,0.0,1.2499423092648587,1.1934817404082558,1.256929946417321,0.24
cs.HC,2024-07,50,39,11,1.2485988435060067,1.248598843506007,-2.220446049250313e-16,1.2608014678252204,1.1324075692967899,1.2424179005245846,0.22
cs.HC,2024-08,50,35,15,1.2378893334354673,1.2378893334354673,0.0,1.2555913769424922,1.1448426832013645,1.2364363475076594,0.3
cs.HC,2024-09,50,38,12,1.2301506404805194,1.2301506404805194,0.0,1.2432015569148323,1.1041290820949619,1.2282704400421969,0.24
cs.HC,2024-10,50,34,16,1.2222469841837436,1.2222469841837436,0.0,1.2422125196112377,1.1100714523650055,1.2264021283812148,0.32
cs.HC,2024-11,50,38,12,1.2452270710015587,1.2452270710015585,2.220446049250313e-16,1.252199255699676,1.1294124819841418,1.251240924142727,0.24
cs.HC,2024-12,50,35,15,1.23182294102809,1.23182294102809,0.0,1.2413726698224707,1.167546655584227,1.2338551721498978,0.3
cs.HC,2025-01,50,38,12,1.2349816094573034,1.2349816094573034,0.0,1.2449619594794423,1.1259542182273974,1.2353755168160971,0.24
cs.HC,2025-02,50,30,20,1.1978102341315848,1.1978102341315848,0.0,1.2053900553810872,1.1415398598934856,1.2101338155677603,0.4
cs.HC,2025-03,50,34,16,1.2137896791883027,1.2137896791883027,0.0,1.2248618657177262,1.1312120715117548,1.2205871355820141,0.32
cs.HC,2025-04,50,25,25,1.1898273469396878,1.1898273469396878,0.0,1.2453771743599498,1.1040303281980808,1.2043459987739336,0.5
cs.HC,2025-05,50,32,18,1.2123258679839017,1.212325867983902,-2.220446049250313e-16,1.2296116471967058,1.1449726908207951,1.215331579123493,0.36
cs.HC,2025-06,50,40,10,1.2134020354907664,1.2134020354907662,2.220446049250313e-16,1.2165906472006693,1.1344547443119024,1.2160658129140776,0.2
cs.HC,2025-07,50,36,14,1.2098555788807532,1.2098555788807532,0.0,1.2152444582592117,1.1621543486736612,1.2117322017784051,0.28
cs.HC,2025-08,50,33,17,1.1814786493869338,1.1814786493869338,0.0,1.2109954443246993,1.0710241570038208,1.1804749831426615,0.34
cs.HC,2025-09,50,32,18,1.1954273693561417,1.1954273693561417,0.0,1.2076893150978445,1.1351438070381674,1.2008812928748318,0.36
cs.HC,2025-10,50,28,22,1.1871606126352834,1.1871606126352836,-2.220446049250313e-16,1.2160417960376069,1.1255454250325576,1.1925437636257892,0.44
cs.HC,2025-11,50,30,20,1.228866666840904,1.2288666668409038,2.220446049250313e-16,1.2398171960510327,1.1968609407263138,1.231062679766514,0.4
cs.HC,2025-12,50,33,17,1.234025652955855,1.234025652955855,0.0,1.2480540365827042,1.1768405074555053,1.2346855339417215,0.34
cs.IR,2023-11,50,39,11,1.1160689554829522,1.1160689554829522,0.0,1.1306439850100432,1.034824212799226,1.1013098971333726,0.22
cs.IR,2024-02,50,36,14,1.1487053046879536,1.1487053046879536,0.0,1.1624719437343871,1.0645001264582008,1.1467007186158393,0.28
cs.IR,2024-03,50,34,16,1.1137452240887946,1.1137452240887946,0.0,1.1425093038333591,1.0318047893202182,1.1021573627570458,0.32
cs.IR,2024-04,50,30,20,1.1110229418763369,1.1110229418763367,2.220446049250313e-16,1.1072899279080544,1.0700030613056526,1.126719005850725,0.4
cs.IR,2024-05,50,34,16,1.123994832119107,1.1239948321191067,2.220446049250313e-16,1.1276633018730802,1.083849304577033,1.1290673537607792,0.32
cs.IR,2024-06,50,35,15,1.1128360838153977,1.1128360838153974,2.220446049250313e-16,1.143534716966448,0.9765330786057995,1.10530490061946,0.3
cs.IR,2024-07,50,39,11,1.1198496610059616,1.1198496610059616,0.0,1.1268309181514615,1.0397887219058917,1.1180553488980094,0.22
cs.IR,2024-08,50,36,14,1.0939942002751262,1.0939942002751262,0.0,1.1093832174945661,1.0118123013837532,1.0895963271617688,0.28
cs.IR,2024-09,50,33,17,1.104843632798593,1.1048436327985929,2.220446049250313e-16,1.1123005900157064,1.0512508324965382,1.1108175141362822,0.34
cs.IR,2024-10,50,33,17,1.1107024926177558,1.1107024926177558,0.0,1.1388280458274838,1.0101525405816985,1.1086071296626174,0.34
cs.IR,2024-11,50,33,17,1.1257914474315367,1.1257914474315371,-4.440892098500626e-16,1.1376148741754517,1.0687633583651879,1.1284885076672526,0.34
cs.IR,2024-12,50,31,19,1.0976190333452496,1.0976190333452496,0.0,1.1222441763196336,1.0248615393299227,1.0993012744208563,0.38
cs.IR,2025-01,50,39,11,1.1609887797542873,1.1609887797542873,0.0,1.163796486584252,1.1197149076456805,1.1614306263859178,0.22
cs.IR,2025-02,50,27,23,1.0914685134229594,1.0914685134229596,-2.220446049250313e-16,1.1275974722796405,1.0279202457981071,1.0969378325057173,0.46
cs.IR,2025-03,50,28,22,1.0678331740351306,1.0678331740351308,-2.220446049250313e-16,1.0964064240315892,0.978403833880583,1.0838355913679867,0.44
cs.IR,2025-04,50,24,26,1.1284606883716617,1.128460688371662,-2.220446049250313e-16,1.1699629539763339,1.0570059886444414,1.1473199064877788,0.52
cs.IR,2025-05,50,27,23,1.1078617029722824,1.1078617029722824,0.0,1.1512912364334023,1.0352973299885628,1.1128778384312648,0.46
cs.IR,2025-06,50,31,19,1.1006049601623324,1.1006049601623322,2.220446049250313e-16,1.1224952461471285,1.0137768809911387,1.1085313074549363,0.38
cs.IR,2025-07,50,27,23,1.1191492005244406,1.1191492005244408,-2.220446049250313e-16,1.1302711611936642,1.0778777316933064,1.1296771770451808,0.46
cs.IR,2025-08,50,22,28,1.104477505551074,1.1044775055510743,-2.220446049250313e-16,1.0947548835352452,1.0771168044937012,1.124913009910398,0.56
cs.IR,2025-09,50,25,25,1.0983454946780762,1.0983454946780764,-2.220446049250313e-16,1.1348992639961306,1.0325710991870918,1.1123713952410827,0.5
cs.IR,2025-10,50,27,23,1.1109654723948768,1.1109654723948765,2.220446049250313e-16,1.125787347004732,1.0676125828862524,1.1202501794119823,0.46
cs.IR,2025-11,50,32,18,1.0973331123830494,1.0973331123830494,0.0,1.1132450421151165,1.0409905330990419,1.098597170513862,0.36
cs.IR,2025-12,50,25,25,1.0984988431015579,1.098498843101558,-2.220446049250313e-16,1.080703405014141,1.079559564851612,1.116131506943492,0.5
cs.LG,2023-10,50,40,10,1.1865393654492373,1.186539365449237,2.220446049250313e-16,1.1902645480832983,1.1215058848103594,1.1865915258846922,0.2
cs.LG,2024-07,50,40,10,1.1865407998349473,1.186540799834947,2.220446049250313e-16,1.1962394924689068,1.1092403991621278,1.1763246442744184,0.2
cs.LG,2024-09,50,40,10,1.194868497260667,1.194868497260667,0.0,1.1950908118081554,1.1574525288687287,1.1986442803371578,0.2
cs.LG,2025-01,50,38,12,1.185958341775778,1.185958341775778,0.0,1.1855071475026981,1.1614866442117606,1.190195889173147,0.24
cs.LG,2025-02,50,40,10,1.2153879214064387,1.215387921406439,-2.220446049250313e-16,1.2155362738427171,1.1870861571763636,1.21828258263158,0.2
cs.LG,2025-03,50,39,11,1.1963626474583486,1.1963626474583486,0.0,1.1902257585554423,1.1717843331260682,1.2101137942306772,0.22
cs.LG,2025-04,50,40,10,1.182922688893565,1.1829226888935649,2.220446049250313e-16,1.1902400172101457,1.1081871719970933,1.1770616443270858,0.2
cs.LG,2025-05,50,38,12,1.1798812224261843,1.1798812224261843,0.0,1.1832785072064638,1.0802762778888537,1.1890602468536569,0.24
cs.LG,2025-06,50,34,16,1.161007903366211,1.1610079033662113,-2.220446049250313e-16,1.1769079733073924,1.1013618657190622,1.1577681704262393,0.32
cs.LG,2025-09,50,34,16,1.1919788573899432,1.1919788573899432,0.0,1.1812606697453425,1.1942226123185302,1.2025370424583082,0.32
cs.LG,2025-10,50,34,16,1.19864408360254,1.19864408360254,0.0,1.2074395557924718,1.1523331711908782,1.199789395350422,0.32
cs.LG,2025-11,50,40,10,1.2092632224117796,1.2092632224117796,0.0,1.2195858572604836,1.1145439614487325,1.1997900013151495,0.2
cs.MA,2024-10,50,34,16,1.1668818937100336,1.1668818937100338,-2.220446049250313e-16,1.160597559346044,1.1066786605514702,1.186642738484346,0.32
cs.MA,2024-11,40,30,10,1.149548969891966,1.149548969891966,0.0,1.1529053816693207,1.0669149885232216,1.1570772700201133,0.25
cs.MA,2025-02,50,37,13,1.1237441914817776,1.1237441914817774,2.220446049250313e-16,1.1241195959263575,1.0708526502507338,1.131801407398474,0.26
cs.MA,2025-03,50,34,16,1.1341702355114551,1.1341702355114551,0.0,1.1257085296607918,1.0695407305517786,1.1571528781169391,0.32
cs.MA,2025-04,50,34,16,1.188000142126083,1.188000142126083,0.0,1.2151637620406108,1.0774682824802937,1.184369686952268,0.32
cs.MA,2025-05,50,28,22,1.131732721570698,1.1317327215706983,-2.220446049250313e-16,1.1349080870492354,1.0625512139122073,1.1557272672171661,0.44
cs.MA,2025-06,50,31,19,1.1393736925411755,1.1393736925411755,0.0,1.1637118358787089,1.0489760006490636,1.1464038600481334,0.38
cs.MA,2025-07,50,26,24,1.135013964135052,1.135013964135052,0.0,1.1435837619189544,1.062546537443054,1.1626034280568842,0.48
cs.MA,2025-08,50,35,15,1.1145391405225193,1.1145391405225193,0.0,1.1162806717785154,1.0458185757635832,1.1263095180508444,0.3
cs.MA,2025-09,50,29,21,1.1647817127454652,1.1647817127454654,-2.220446049250313e-16,1.162270143011565,1.1037902536438098,1.1874876301893262,0.42
cs.MA,2025-10,50,30,20,1.1295793246548804,1.1295793246548804,0.0,1.1365125413932256,1.0844263661794167,1.1388511793701435,0.4
cs.MA,2025-11,50,29,21,1.1338140586030616,1.1338140586030616,0.0,1.1326251296339318,1.0511558119541557,1.1631095215878513,0.42
cs.MA,2025-12,50,21,29,1.1348237490085962,1.1348237490085962,0.0,1.1673800379676476,1.0868464297092804,1.1555823220038695,0.58
cs.MM,2025-04,39,29,10,1.145597441445586,1.1455974414455863,-2.220446049250313e-16,1.1490506406638985,1.072650979552287,1.1520822411095988,0.2564102564102564
cs.MM,2025-06,40,30,10,1.1772360203625722,1.1772360203625725,-2.220446049250313e-16,1.185690771899087,1.1138648223040095,1.1744823103434106,0.25
cs.MM,2025-08,46,33,13,1.1565442147927343,1.156544214792734,2.220446049250313e-16,1.1624682101187946,1.1186029882643267,1.1561515484455454,0.2826086956521739
cs.MM,2025-11,36,24,12,1.151919577735065,1.151919577735065,0.0,1.1638870237442462,1.1200583431360638,1.147752308238537,0.3333333333333333
cs.MM,2025-12,28,18,10,1.1677700630073289,1.167770063007329,-2.220446049250313e-16,1.2047651158590047,1.0859437442339588,1.1567808477767476,0.35714285714285715
cs.NI,2025-08,50,38,12,1.157794591650349,1.157794591650349,0.0,1.168765417985309,1.063530718677627,1.1545246896826353,0.24
cs.RO,2024-02,50,40,10,1.168461419771017,1.1684614197710168,2.220446049250313e-16,1.1895645697621633,0.9493610076345302,1.151959073653636,0.2
cs.SD,2024-12,50,40,10,1.0894972473260542,1.0894972473260545,-2.220446049250313e-16,1.084982296923652,1.054757487134142,1.1022096236323293,0.2
cs.SD,2025-03,50,37,13,1.0819187866523496,1.0819187866523496,0.0,1.1042419759386057,0.9897639905469513,1.065953776322983,0.26
cs.SD,2025-05,50,36,14,1.0717837511718336,1.0717837511718336,0.0,1.0746377208722278,1.0468251185744402,1.0727227088208702,0.28
cs.SD,2025-11,50,38,12,1.0750504354697545,1.0750504354697545,0.0,1.0815281084308959,1.0450613495085987,1.069404548587636,0.24
cs.SE,2023-05,50,40,10,1.190690946247476,1.190690946247476,0.0,1.2160474114247246,1.0111369884159838,1.1614456594078837,0.2
cs.SE,2023-07,50,40,10,1.2051949884786946,1.2051949884786946,0.0,1.220036282563546,1.0744713920040982,1.1909608696166263,0.2
cs.SE,2023-08,50,39,11,1.1761503559547708,1.1761503559547708,0.0,1.1906187365890026,1.0826804013459088,1.1631428441914182,0.22
cs.SE,2023-10,50,36,14,1.1456676969664592,1.145667696966459,2.220446049250313e-16,1.1865020050387325,0.994384327018275,1.1219398647834284,0.28
cs.SE,2023-11,50,37,13,1.2074543123633807,1.207454312363381,-2.220446049250313e-16,1.2337098172948877,1.0483814640459583,1.1968961333288184,0.26
cs.SE,2023-12,50,32,18,1.1620513871054228,1.1620513871054228,0.0,1.2203194158713317,0.9811627245989973,1.1599246910908259,0.36
cs.SE,2024-01,50,32,18,1.1644005162073459,1.1644005162073459,0.0,1.2199310103103687,0.9935401737042803,1.1619673692071193,0.36
cs.SE,2024-02,50,30,20,1.1224917699645436,1.1224917699645438,-2.220446049250313e-16,1.1691041166731808,0.9954719357437909,1.1289207661040201,0.4
cs.SE,2024-03,50,29,21,1.1584383168265804,1.1584383168265804,0.0,1.2001767037817992,1.0596532175421476,1.1646765528625609,0.42
cs.SE,2024-04,50,30,20,1.1805263851016268,1.180526385101627,-2.220446049250313e-16,1.2157848822525157,1.0768499367159232,1.187794849989372,0.4
cs.SE,2024-05,50,37,13,1.1981596235143748,1.1981596235143748,0.0,1.2237031933929579,1.0590296729913469,1.1853532172808197,0.26
cs.SE,2024-06,50,34,16,1.1681477338453723,1.1681477338453723,0.0,1.1957581160871984,1.074271284713466,1.1603825674081742,0.32
cs.SE,2024-07,50,37,13,1.2048422494521704,1.2048422494521707,-2.220446049250313e-16,1.236400268235121,1.0359489940372282,1.1885346266100099,0.26
cs.SE,2024-08,50,25,25,1.130965145011831,1.1309651450118312,-2.220446049250313e-16,1.196501203994801,1.0177988441935486,1.1538276610927811,0.5
cs.SE,2024-09,50,35,15,1.1547444753749465,1.1547444753749465,0.0,1.1884642401695105,1.0478789241979705,1.1379018521765027,0.3
cs.SE,2024-10,50,23,27,1.1694483030533043,1.1694483030533043,0.0,1.2458663032365123,1.0692670243623117,1.1949392447186615,0.54
cs.SE,2024-11,50,26,24,1.1520972026322376,1.1520972026322376,0.0,1.1986535035718884,1.0718806670957508,1.1633295199442308,0.48
cs.SE,2024-12,50,20,30,1.1332270489464213,1.1332270489464213,0.0,1.230108318798232,1.0342862004478863,1.1742800953214527,0.6
cs.SE,2025-01,50,33,17,1.1803851452172711,1.180385145217271,2.220446049250313e-16,1.2082873748053204,1.0827750782602859,1.1777872697870746,0.34
cs.SE,2025-02,50,25,25,1.1621129769030434,1.1621129769030434,0.0,1.2328983350937832,1.023236701374941,1.1947966172249775,0.5
cs.SE,2025-03,50,20,30,1.1113759475476748,1.1113759475476745,2.220446049250313e-16,1.1819533846665649,1.042588649863496,1.138897216614389,0.6
cs.SE,2025-04,50,24,26,1.1302579679693163,1.130257967969316,2.220446049250313e-16,1.1867726652980173,1.0260840460332585,1.159518333620754,0.52
cs.SE,2025-05,50,26,24,1.1326916259766033,1.1326916259766031,2.220446049250313e-16,1.1872379924322525,1.0235808291891957,1.1525426048471774,0.48
cs.SE,2025-06,50,23,27,1.1430643806405312,1.143064380640531,2.220446049250313e-16,1.1989394796324588,1.0638816612278181,1.1650559015244353,0.54
cs.SE,2025-07,50,22,28,1.1359100036103185,1.1359100036103182,2.220446049250313e-16,1.1888592283758368,1.0618164361117288,1.1615205516519287,0.56
cs.SE,2025-08,50,17,33,1.118211974034752,1.118211974034752,0.0,1.2031443507450201,1.0521310961586443,1.1598160743662824,0.66
cs.SE,2025-09,50,22,28,1.152557441129287,1.1525574411292872,-2.220446049250313e-16,1.2205936970264255,1.0526721886670662,1.1883370682696777,0.56
cs.SE,2025-10,50,20,30,1.1101879723227648,1.1101879723227648,0.0,1.1571798964785802,1.0480437475932296,1.140361759269003,0.6
cs.SE,2025-11,50,23,27,1.1136126701795943,1.1136126701795943,0.0,1.1580192039067188,1.0592054505444604,1.1262730261521703,0.54
cs.SE,2025-12,50,22,28,1.1275877741163645,1.1275877741163645,0.0,1.2036692551868413,1.0344858230898595,1.1561879613902908,0.56
cs.SI,2025-10,50,37,13,1.1765119092011902,1.17651190920119,2.220446049250313e-16,1.186703859567532,1.0975609043197916,1.1752028435811592,0.26
eess.AS,2024-02,50,40,10,1.0672623013896552,1.0672623013896552,0.0,1.0772102451137862,0.9921046040362899,1.0563190520798533,0.2
eess.AS,2024-11,50,39,11,1.108445243817164,1.108445243817164,0.0,1.1215464809469957,1.0159799683509234,1.0976703567249442,0.22
eess.AS,2025-02,50,37,13,1.0614550025205964,1.0614550025205962,2.220446049250313e-16,1.072012636257365,1.021760940956445,1.0532736152717725,0.26
eess.AS,2025-03,50,38,12,1.132562938162228,1.132562938162228,0.0,1.1553564313299116,0.9793101949331252,1.1196042876276646,0.24
eess.AS,2025-05,50,39,11,1.0652696781870352,1.065269678187035,2.220446049250313e-16,1.0871066737849024,0.9755259435728643,1.0390568382470808,0.22
eess.AS,2025-11,50,39,11,1.0678477371417905,1.0678477371417905,0.0,1.099086484308765,0.9066954742044865,1.0345504476565306,0.22
eess.AS,2025-12,50,40,10,1.0822821117205814,1.0822821117205814,0.0,1.0927735648656707,0.9861566061247242,1.072637897467192,0.2
physics.ed-ph,2025-08,47,35,12,1.153429568014984,1.153429568014984,0.0,1.1618267142959977,1.0071735943547828,1.1645166923587227,0.2553191489361702
q-bio.QM,2025-05,50,40,10,1.2135496900375637,1.2135496900375637,0.0,1.2279715180036028,1.1181209888683956,1.196162854385319,0.2
