primary_category,macro_field,rows,pre_rows,post_rows,observed_genai_marker_share,arxiv_macro_field,n_respondents,mean_frequency_score,share_any_use,share_weekly_or_daily,share_use_research,share_use_code,share_use_manuscripts,share_use_review,share_use_literature,share_use_scientific_search,share_use_brainstorm,nature_frequency_z,nature_any_use_z,nature_weekly_z,nature_research_writing_raw,nature_research_writing_z,n_pre_papers,text_writing_share,code_computation_share,ai_ml_method_share,literature_synthesis_share,pre_task_supported,text_writing_z,code_computation_z,ai_ml_method_z,literature_synthesis_z,pre_task_fit_raw,pre_task_fit_z,pre_ai_ml_z,ai_heavy_category,exposure_claim_role
astro-ph.CO,astro-ph,527,304,223,0.003795066413662239,astro-ph,190.0,0.3039473684210526,0.6473684210526316,0.1473684210526315,0.1210526315789473,0.2263157894736842,0.1684210526315789,0.0736842105263157,0.1157894736842105,0.131578947368421,0.1684210526315789,-0.5557557960667044,-0.5260559107794395,-0.56920686806596,0.1434210526315789,-0.4446884053680613,304,0.039473684210526314,0.5822368421052632,0.32894736842105265,0.14802631578947367,True,-0.2896187969297691,0.767975292558733,1.2441626618784285,1.6042329289697406,2.082589424598704,0.9830096335762555,1.2441626618784285,False,primary_external_adoption
astro-ph.EP,astro-ph,1745,946,799,0.0017191977077363897,astro-ph,190.0,0.3039473684210526,0.6473684210526316,0.1473684210526315,0.1210526315789473,0.2263157894736842,0.1684210526315789,0.0736842105263157,0.1157894736842105,0.131578947368421,0.1684210526315789,-0.5557557960667044,-0.5260559107794395,-0.56920686806596,0.1434210526315789,-0.4446884053680613,946,0.007399577167019027,0.36046511627906974,0.0919661733615222,0.08350951374207188,True,-0.6474227507503555,-0.15630591418892875,-0.2925601011580773,0.2206147251883882,-0.5831139397508961,-0.2752374584626473,-0.2925601011580773,False,primary_external_adoption
astro-ph.GA,astro-ph,597,341,256,0.008375209380234505,astro-ph,190.0,0.3039473684210526,0.6473684210526316,0.1473684210526315,0.1210526315789473,0.2263157894736842,0.1684210526315789,0.0736842105263157,0.1157894736842105,0.131578947368421,0.1684210526315789,-0.5557557960667044,-0.5260559107794395,-0.56920686806596,0.1434210526315789,-0.4446884053680613,341,0.03225806451612903,0.4340175953079179,0.20234604105571846,0.16422287390029325,True,-0.37011292424620407,0.15023980899918185,0.4232066297170004,1.9515820214475035,1.7317089062004813,0.8173894082233172,0.4232066297170004,False,primary_external_adoption
astro-ph.HE,astro-ph,880,490,390,0.0022727272727272726,astro-ph,190.0,0.3039473684210526,0.6473684210526316,0.1473684210526315,0.1210526315789473,0.2263157894736842,0.1684210526315789,0.0736842105263157,0.1157894736842105,0.131578947368421,0.1684210526315789,-0.5557557960667044,-0.5260559107794395,-0.56920686806596,0.1434210526315789,-0.4446884053680613,490,0.030612244897959183,0.33877551020408164,0.044897959183673466,0.0653061224489796,True,-0.3884729292763633,-0.24670199692755004,-0.5977775515317578,-0.16977262763130674,-0.8049475538352201,-0.37994584558890326,-0.5977775515317578,False,primary_external_adoption
astro-ph.IM,astro-ph,2505,1428,1077,0.0187624750499002,astro-ph,190.0,0.3039473684210526,0.6473684210526316,0.1473684210526315,0.1210526315789473,0.2263157894736842,0.1684210526315789,0.0736842105263157,0.1157894736842105,0.131578947368421,0.1684210526315789,-0.5557557960667044,-0.5260559107794395,-0.56920686806596,0.1434210526315789,-0.4446884053680613,1428,0.03851540616246499,0.5770308123249299,0.1792717086834734,0.11134453781512606,True,-0.30030890512173586,0.7462780474757335,0.2735793489979891,0.8175607111638495,1.2635298535178472,0.5964027300093357,0.2735793489979891,False,primary_external_adoption
astro-ph.SR,astro-ph,2327,1234,1093,0.003867640739149119,astro-ph,190.0,0.3039473684210526,0.6473684210526316,0.1473684210526315,0.1210526315789473,0.2263157894736842,0.1684210526315789,0.0736842105263157,0.1157894736842105,0.131578947368421,0.1684210526315789,-0.5557557960667044,-0.5260559107794395,-0.56920686806596,0.1434210526315789,-0.4446884053680613,1234,0.011345218800648298,0.4011345218800648,0.055105348460291734,0.06239870340356564,True,-0.6034069914041431,0.013192551616661769,-0.5315869516885353,-0.23212472490822625,-0.8223391646957076,-0.38815491494138155,-0.5315869516885353,False,primary_external_adoption
cond-mat.dis-nn,cond-mat,993,551,442,0.008056394763343404,cond-mat,190.0,0.3039473684210526,0.6473684210526316,0.1473684210526315,0.1210526315789473,0.2263157894736842,0.1684210526315789,0.0736842105263157,0.1157894736842105,0.131578947368421,0.1684210526315789,-0.5557557960667044,-0.5260559107794395,-0.56920686806596,0.1434210526315789,-0.4446884053680613,551,0.045372050816696916,0.3738656987295826,0.36116152450090744,0.06896551724137931,True,-0.22381933788611127,-0.10045611425460976,1.453057831503546,-0.09129376493338681,-0.4155692170741079,-0.19615414299931222,1.453057831503546,False,primary_external_adoption
cond-mat.mes-hall,cond-mat,3554,2112,1442,0.0005627462014631402,cond-mat,190.0,0.3039473684210526,0.6473684210526316,0.1473684210526315,0.1210526315789473,0.2263157894736842,0.1684210526315789,0.0736842105263157,0.1157894736842105,0.131578947368421,0.1684210526315789,-0.5557557960667044,-0.5260559107794395,-0.56920686806596,0.1434210526315789,-0.4446884053680613,2112,0.024147727272727272,0.13920454545454544,0.028882575757575756,0.036458333333333336,True,-0.4605881081249376,-1.078456772895073,-0.7016305355774307,-0.7884382293442973,-2.327483110364308,-1.0986026782091267,-0.7016305355774307,False,primary_external_adoption
cond-mat.mtrl-sci,cond-mat,4384,2534,1850,0.00843978102189781,cond-mat,190.0,0.3039473684210526,0.6473684210526316,0.1473684210526315,0.1210526315789473,0.2263157894736842,0.1684210526315789,0.0736842105263157,0.1157894736842105,0.131578947368421,0.1684210526315789,-0.5557557960667044,-0.5260559107794395,-0.56920686806596,0.1434210526315789,-0.4446884053680613,2534,0.018153117600631413,0.2983425414364641,0.14325177584846094,0.04775059194948698,True,-0.5274612104494251,-0.4152150615470351,0.04000532766391267,-0.5462660495819215,-1.4889423215783815,-0.7028003833415096,0.04000532766391267,False,primary_external_adoption
cond-mat.other,cond-mat,195,112,83,0.0,cond-mat,190.0,0.3039473684210526,0.6473684210526316,0.1473684210526315,0.1210526315789473,0.2263157894736842,0.1684210526315789,0.0736842105263157,0.1157894736842105,0.131578947368421,0.1684210526315789,-0.5557557960667044,-0.5260559107794395,-0.56920686806596,0.1434210526315789,-0.4446884053680613,112,0.017857142857142856,0.25892857142857145,0.03571428571428571,0.044642857142857144,True,-0.5307629682600974,-0.5794812304010472,-0.6573297875864264,-0.6129140903173987,-1.7231582889785435,-0.8133534042933498,-0.6573297875864264,False,primary_external_adoption
cond-mat.quant-gas,cond-mat,1306,802,504,0.0,cond-mat,190.0,0.3039473684210526,0.6473684210526316,0.1473684210526315,0.1210526315789473,0.2263157894736842,0.1684210526315789,0.0736842105263157,0.1157894736842105,0.131578947368421,0.1684210526315789,-0.5557557960667044,-0.5260559107794395,-0.56920686806596,0.1434210526315789,-0.4446884053680613,802,0.02119700748129676,0.1371571072319202,0.018703241895261846,0.034912718204488775,True,-0.49350497800251114,-1.0869899105802276,-0.7676392079315244,-0.8215852726019276,-2.4020801611846663,-1.1338134685486196,-0.7676392079315244,False,primary_external_adoption
cond-mat.soft,cond-mat,4185,2409,1776,0.0014336917562724014,cond-mat,190.0,0.3039473684210526,0.6473684210526316,0.1473684210526315,0.1210526315789473,0.2263157894736842,0.1684210526315789,0.0736842105263157,0.1157894736842105,0.131578947368421,0.1684210526315789,-0.5557557960667044,-0.5260559107794395,-0.56920686806596,0.1434210526315789,-0.4446884053680613,2409,0.019925280199252802,0.20008302200083022,0.027812370278123704,0.05188875051888751,True,-0.5076917813663463,-0.8247326718739253,-0.7085703652166021,-0.4575196866957134,-1.789944139935985,-0.8448772054335594,-0.7085703652166021,False,primary_external_adoption
cond-mat.stat-mech,cond-mat,3656,2158,1498,0.0019146608315098468,cond-mat,190.0,0.3039473684210526,0.6473684210526316,0.1473684210526315,0.1210526315789473,0.2263157894736842,0.1684210526315789,0.0736842105263157,0.1157894736842105,0.131578947368421,0.1684210526315789,-0.5557557960667044,-0.5260559107794395,-0.56920686806596,0.1434210526315789,-0.4446884053680613,2158,0.023632993512511583,0.211306765523633,0.052363299351251155,0.056070435588507876,True,-0.46633024069063267,-0.777955314801759,-0.5493679797661772,-0.36783986064735397,-1.6121254161397456,-0.7609444261457645,-0.5493679797661772,False,primary_external_adoption
cond-mat.str-el,cond-mat,1161,664,497,0.0,cond-mat,190.0,0.3039473684210526,0.6473684210526316,0.1473684210526315,0.1210526315789473,0.2263157894736842,0.1684210526315789,0.0736842105263157,0.1157894736842105,0.131578947368421,0.1684210526315789,-0.5557557960667044,-0.5260559107794395,-0.56920686806596,0.1434210526315789,-0.4446884053680613,664,0.043674698795180725,0.29668674698795183,0.0783132530120482,0.03614457831325301,True,-0.24275421465446692,-0.422115939850144,-0.38109351191115665,-0.7951669750901259,-1.460037129594737,-0.6891567520790639,-0.38109351191115665,False,primary_external_adoption
cond-mat.supr-con,cond-mat,420,198,222,0.004761904761904762,cond-mat,190.0,0.3039473684210526,0.6473684210526316,0.1473684210526315,0.1210526315789473,0.2263157894736842,0.1684210526315789,0.0736842105263157,0.1157894736842105,0.131578947368421,0.1684210526315789,-0.5557557960667044,-0.5260559107794395,-0.56920686806596,0.1434210526315789,-0.4446884053680613,198,0.015151515151515152,0.17676767676767677,0.025252525252525252,0.03535353535353535,True,-0.5609457038021015,-0.9219043710504312,-0.7251698769191857,-0.8121315704250633,-2.2949816452775957,-1.0832615586834975,-0.7251698769191857,False,primary_external_adoption
cs.AI,cs,4800,2950,1850,0.16,cs,269.0,0.4471698113207547,0.8141263940520446,0.2602230483271375,0.20817843866171,0.3048327137546468,0.1858736059479553,0.104089219330855,0.1412639405204461,0.174721189591078,0.2862453531598513,3.5510670049314865,2.6705878183162426,3.561419449168344,0.20539033457249067,1.48475654937479,2950,0.17966101694915254,0.532542372881356,0.5318644067796611,0.0976271186440678,True,1.2742464686379693,0.5608629394765597,2.5599937841550013,0.5233788814440383,2.3584882895585673,1.1132375310892564,2.5599937841550013,True,primary_external_adoption
cs.AR,cs,3084,1353,1731,0.08236057068741894,cs,269.0,0.4471698113207547,0.8141263940520446,0.2602230483271375,0.20817843866171,0.3048327137546468,0.1858736059479553,0.104089219330855,0.1412639405204461,0.174721189591078,0.2862453531598513,3.5510670049314865,2.6705878183162426,3.561419449168344,0.20539033457249067,1.48475654937479,1353,0.0679970436067997,0.7124907612712491,0.34811529933481156,0.050997782705099776,True,0.02857465283294625,1.310836422136192,1.3684585822702766,-0.4766272563057856,0.8627838186633525,0.4072453242209327,1.3684585822702766,False,primary_external_adoption
cs.CC,cs,2766,1573,1193,0.0018076644974692696,cs,269.0,0.4471698113207547,0.8141263940520446,0.2602230483271375,0.20817843866171,0.3048327137546468,0.1858736059479553,0.104089219330855,0.1412639405204461,0.174721189591078,0.2862453531598513,3.5510670049314865,2.6705878183162426,3.561419449168344,0.20539033457249067,1.48475654937479,1573,0.08709472345835982,0.43674507310870947,0.027972027972027972,0.04895104895104895,True,0.24161956630221146,0.16160715740079376,-0.7075350526363994,-0.5205212186617904,-0.11729449495878513,-0.05536454624615428,-0.7075350526363994,False,primary_external_adoption
cs.CE,cs,3237,1561,1676,0.0364535063330244,cs,269.0,0.4471698113207547,0.8141263940520446,0.2602230483271375,0.20817843866171,0.3048327137546468,0.1858736059479553,0.104089219330855,0.1412639405204461,0.174721189591078,0.2862453531598513,3.5510670049314865,2.6705878183162426,3.561419449168344,0.20539033457249067,1.48475654937479,1561,0.03139013452914798,0.7181294042280589,0.17873158231902628,0.060858424087123636,True,-0.3797951511141266,1.334336675367859,0.27007685809801063,-0.26515733708840294,0.6893841871653293,0.32539841469195807,0.27007685809801063,False,primary_external_adoption
cs.CG,cs,2596,1599,997,0.0015408320493066256,cs,269.0,0.4471698113207547,0.8141263940520446,0.2602230483271375,0.20817843866171,0.3048327137546468,0.1858736059479553,0.104089219330855,0.1412639405204461,0.174721189591078,0.2862453531598513,3.5510670049314865,2.6705878183162426,3.561419449168344,0.20539033457249067,1.48475654937479,1599,0.05128205128205128,0.6078799249530957,0.03564727954971857,0.029393370856785492,True,-0.1578900968719532,0.8748483372222361,-0.6577642942076298,-0.9399524145080589,-0.222994174157776,-0.1052561867640874,-0.6577642942076298,False,primary_external_adoption
cs.CL,cs,4800,2950,1850,0.236875,cs,269.0,0.4471698113207547,0.8141263940520446,0.2602230483271375,0.20817843866171,0.3048327137546468,0.1858736059479553,0.104089219330855,0.1412639405204461,0.174721189591078,0.2862453531598513,3.5510670049314865,2.6705878183162426,3.561419449168344,0.20539033457249067,1.48475654937479,2950,0.7671186440677966,0.4667796610169492,0.5322033898305085,0.06576271186440678,True,7.8276529718958665,0.2867827407740903,2.562191945787151,-0.15998067566234855,7.954455037007609,3.7546075279501414,2.562191945787151,True,primary_external_adoption
cs.CR,cs,4800,2950,1850,0.06520833333333333,cs,269.0,0.4471698113207547,0.8141263940520446,0.2602230483271375,0.20817843866171,0.3048327137546468,0.1858736059479553,0.104089219330855,0.1412639405204461,0.174721189591078,0.2862453531598513,3.5510670049314865,2.6705878183162426,3.561419449168344,0.20539033457249067,1.48475654937479,2950,0.07152542372881356,0.6359322033898305,0.24915254237288137,0.1064406779661017,True,0.0679356350896317,0.991762220941782,0.7267269829421318,0.712393227026656,1.7720910830580696,0.8364503274841736,0.7267269829421318,False,primary_external_adoption
cs.CV,cs,4800,2950,1850,0.04583333333333333,cs,269.0,0.4471698113207547,0.8141263940520446,0.2602230483271375,0.20817843866171,0.3048327137546468,0.1858736059479553,0.104089219330855,0.1412639405204461,0.174721189591078,0.2862453531598513,3.5510670049314865,2.6705878183162426,3.561419449168344,0.20539033457249067,1.48475654937479,2950,0.11220338983050847,0.5525423728813559,0.5196610169491526,0.04372881355932203,True,0.5217202746689436,0.6442172267108156,2.4808599653976113,-0.6325165396188929,0.5334209617608662,0.2517817184553706,2.4808599653976113,True,primary_external_adoption
cs.CY,cs,4790,2940,1850,0.10897703549060543,cs,269.0,0.4471698113207547,0.8141263940520446,0.2602230483271375,0.20817843866171,0.3048327137546468,0.1858736059479553,0.104089219330855,0.1412639405204461,0.174721189591078,0.2862453531598513,3.5510670049314865,2.6705878183162426,3.561419449168344,0.20539033457249067,1.48475654937479,2940,0.11224489795918367,0.5649659863945579,0.2860544217687075,0.1921768707482993,True,0.5221833202195348,0.6959952991741568,0.9660200544963898,2.5510794807129282,3.7692581001066197,1.7791394597877122,0.9660200544963898,False,primary_external_adoption
cs.DB,cs,4121,2352,1769,0.07109924775539918,cs,269.0,0.4471698113207547,0.8141263940520446,0.2602230483271375,0.20817843866171,0.3048327137546468,0.1858736059479553,0.104089219330855,0.1412639405204461,0.174721189591078,0.2862453531598513,3.5510670049314865,2.6705878183162426,3.561419449168344,0.20539033457249067,1.48475654937479,2352,0.15943877551020408,0.8439625850340136,0.14540816326530612,0.0820578231292517,True,1.0486564644593508,1.8587734301928405,0.053988587511003265,0.1894819738055659,3.096911868457757,1.4617831844686446,0.053988587511003265,False,primary_external_adoption
cs.DC,cs,4800,2950,1850,0.042291666666666665,cs,269.0,0.4471698113207547,0.8141263940520446,0.2602230483271375,0.20817843866171,0.3048327137546468,0.1858736059479553,0.104089219330855,0.1412639405204461,0.174721189591078,0.2862453531598513,3.5510670049314865,2.6705878183162426,3.561419449168344,0.20539033457249067,1.48475654937479,2950,0.06813559322033898,0.7762711864406779,0.2064406779661017,0.06338983050847458,True,0.030120248458022348,1.5766550161109694,0.4497586172912664,-0.21086915331920725,1.3959061112497844,0.6588860668928609,0.4497586172912664,False,primary_external_adoption
cs.DL,cs,2457,1457,1000,0.054945054945054944,cs,269.0,0.4471698113207547,0.8141263940520446,0.2602230483271375,0.20817843866171,0.3048327137546468,0.1858736059479553,0.104089219330855,0.1412639405204461,0.174721189591078,0.2862453531598513,3.5510670049314865,2.6705878183162426,3.561419449168344,0.20539033457249067,1.48475654937479,1457,0.19560741249142072,0.4838709677419355,0.10638297872340426,0.39121482498284144,True,1.4521371069173448,0.35801442527225447,-0.19907321936433162,6.819619271633994,8.629770803823593,4.073365462973251,-0.19907321936433162,False,primary_external_adoption
cs.DM,cs,2239,1417,822,0.00044662795891022776,cs,269.0,0.4471698113207547,0.8141263940520446,0.2602230483271375,0.20817843866171,0.3048327137546468,0.1858736059479553,0.104089219330855,0.1412639405204461,0.174721189591078,0.2862453531598513,3.5510670049314865,2.6705878183162426,3.561419449168344,0.20539033457249067,1.48475654937479,1417,0.040931545518701484,0.3803810868031052,0.020465772759350742,0.06633733239237827,True,-0.2733555681677163,-0.07330183780845732,-0.7562099411548107,-0.1476574451621193,-0.4943148511382929,-0.23332311926167854,-0.7562099411548107,False,primary_external_adoption
cs.DS,cs,4800,2950,1850,0.0010416666666666667,cs,269.0,0.4471698113207547,0.8141263940520446,0.2602230483271375,0.20817843866171,0.3048327137546468,0.1858736059479553,0.104089219330855,0.1412639405204461,0.174721189591078,0.2862453531598513,3.5510670049314865,2.6705878183162426,3.561419449168344,0.20539033457249067,1.48475654937479,2950,0.07050847457627119,0.7783050847457628,0.03898305084745763,0.0640677966101695,True,0.05659101910014892,1.5851317232873348,-0.6361332289906969,-0.19632958827439045,1.445393154113093,0.6822446028084109,-0.6361332289906969,False,primary_external_adoption
cs.ET,cs,1982,1014,968,0.022704339051463168,cs,269.0,0.4471698113207547,0.8141263940520446,0.2602230483271375,0.20817843866171,0.3048327137546468,0.1858736059479553,0.104089219330855,0.1412639405204461,0.174721189591078,0.2862453531598513,3.5510670049314865,2.6705878183162426,3.561419449168344,0.20539033457249067,1.48475654937479,1014,0.05325443786982249,0.6005917159763313,0.39349112426035504,0.08382642998027613,True,-0.13588706125790043,0.8444731639986108,1.6627016045367715,0.22741126597060393,0.9359973687113143,0.4418030839768345,1.6627016045367715,False,primary_external_adoption
cs.FL,cs,1849,1071,778,0.007030827474310438,cs,269.0,0.4471698113207547,0.8141263940520446,0.2602230483271375,0.20817843866171,0.3048327137546468,0.1858736059479553,0.104089219330855,0.1412639405204461,0.174721189591078,0.2862453531598513,3.5510670049314865,2.6705878183162426,3.561419449168344,0.20539033457249067,1.48475654937479,1071,0.3408029878618114,0.38095238095238093,0.02427637721755369,0.04295051353874883,True,3.0718720187672823,-0.07092084697775825,-0.7314997838346156,-0.6492078516848145,2.3517433201047098,1.1100538166840048,-0.7314997838346156,False,primary_external_adoption
cs.GL,cs,55,39,16,0.09090909090909091,cs,269.0,0.4471698113207547,0.8141263940520446,0.2602230483271375,0.20817843866171,0.3048327137546468,0.1858736059479553,0.104089219330855,0.1412639405204461,0.174721189591078,0.2862453531598513,3.5510670049314865,2.6705878183162426,3.561419449168344,0.20539033457249067,1.48475654937479,39,0.20512820512820512,0.5128205128205128,0.20512820512820512,0.10256410256410256,True,1.5583466810241622,0.4786678600612933,0.4412477863565329,0.629256739719114,2.66627128080457,1.2585151560844166,0.4412477863565329,False,primary_external_adoption
cs.GR,cs,2622,1278,1344,0.020976353928299007,cs,269.0,0.4471698113207547,0.8141263940520446,0.2602230483271375,0.20817843866171,0.3048327137546468,0.1858736059479553,0.104089219330855,0.1412639405204461,0.174721189591078,0.2862453531598513,3.5510670049314865,2.6705878183162426,3.561419449168344,0.20539033457249067,1.48475654937479,1278,0.054773082942097026,0.6705790297339593,0.2762128325508607,0.04381846635367762,True,-0.11894575684144666,1.1361602966839774,0.9022015132331447,-0.6305938584822934,0.3866206813602373,0.18249005292541615,0.9022015132331447,False,primary_external_adoption
cs.GT,cs,4396,2566,1830,0.010464058234758872,cs,269.0,0.4471698113207547,0.8141263940520446,0.2602230483271375,0.20817843866171,0.3048327137546468,0.1858736059479553,0.104089219330855,0.1412639405204461,0.174721189591078,0.2862453531598513,3.5510670049314865,2.6705878183162426,3.561419449168344,0.20539033457249067,1.48475654937479,2566,0.020265003897116135,0.4380358534684334,0.07482462977396727,0.0970381917381138,True,-0.5039019803864727,0.16698676124383194,-0.40371575727653414,0.5107488383867912,0.17383361924415042,0.08205175746023685,-0.40371575727653414,False,primary_external_adoption
cs.HC,cs,4712,2862,1850,0.09910865874363328,cs,269.0,0.4471698113207547,0.8141263940520446,0.2602230483271375,0.20817843866171,0.3048327137546468,0.1858736059479553,0.104089219330855,0.1412639405204461,0.174721189591078,0.2862453531598513,3.5510670049314865,2.6705878183162426,3.561419449168344,0.20539033457249067,1.48475654937479,2862,0.1418588399720475,0.48846960167714887,0.23689727463312368,0.15723270440251572,True,0.8525428069557738,0.3771802179683031,0.6472567578972218,1.8016718359188386,3.0313948608429158,1.4308582940952637,0.6472567578972218,False,primary_external_adoption
cs.IR,cs,4747,2897,1850,0.11101748472719612,cs,269.0,0.4471698113207547,0.8141263940520446,0.2602230483271375,0.20817843866171,0.3048327137546468,0.1858736059479553,0.104089219330855,0.1412639405204461,0.174721189591078,0.2862453531598513,3.5510670049314865,2.6705878183162426,3.561419449168344,0.20539033457249067,1.48475654937479,2897,0.32447359337245424,0.5736969278564031,0.3855712806351398,0.11391094235415948,True,2.889708820775124,0.7323833692959631,1.6113447701875288,0.8725994596105688,4.494691649681656,2.1215536482632387,1.6113447701875288,False,primary_external_adoption
cs.IT,cs,4800,2950,1850,0.005625,cs,269.0,0.4471698113207547,0.8141263940520446,0.2602230483271375,0.20817843866171,0.3048327137546468,0.1858736059479553,0.104089219330855,0.1412639405204461,0.174721189591078,0.2862453531598513,3.5510670049314865,2.6705878183162426,3.561419449168344,0.20539033457249067,1.48475654937479,2950,0.014576271186440677,0.6142372881355932,0.10305084745762712,0.05864406779661017,True,-0.5673628603214049,0.9013440110605551,-0.22068068051439912,-0.31264610863292447,0.021335042106225666,0.010070420830652491,-0.22068068051439912,False,primary_external_adoption
cs.LG,cs,4800,2950,1850,0.058541666666666665,cs,269.0,0.4471698113207547,0.8141263940520446,0.2602230483271375,0.20817843866171,0.3048327137546468,0.1858736059479553,0.104089219330855,0.1412639405204461,0.174721189591078,0.2862453531598513,3.5510670049314865,2.6705878183162426,3.561419449168344,0.20539033457249067,1.48475654937479,2950,0.08203389830508474,0.7220338983050848,0.6542372881355932,0.06983050847457627,True,0.18516333364762064,1.350609491407902,3.353530133361051,-0.07274328539344828,1.4630295396620745,0.6905692090372427,3.353530133361051,True,primary_external_adoption
cs.LO,cs,4723,2889,1834,0.0059284353165360995,cs,269.0,0.4471698113207547,0.8141263940520446,0.2602230483271375,0.20817843866171,0.3048327137546468,0.1858736059479553,0.104089219330855,0.1412639405204461,0.174721189591078,0.2862453531598513,3.5510670049314865,2.6705878183162426,3.561419449168344,0.20539033457249067,1.48475654937479,2889,0.2481827622014538,0.3655244029075805,0.0398061613014884,0.057805469020422294,True,2.038643474007551,-0.13522025264726298,-0.6307957060244351,-0.33063057927593326,1.5727926420843548,0.7423788388269023,-0.6307957060244351,False,primary_external_adoption
cs.MA,cs,2763,1300,1463,0.10893955845095911,cs,269.0,0.4471698113207547,0.8141263940520446,0.2602230483271375,0.20817843866171,0.3048327137546468,0.1858736059479553,0.104089219330855,0.1412639405204461,0.174721189591078,0.2862453531598513,3.5510670049314865,2.6705878183162426,3.561419449168344,0.20539033457249067,1.48475654937479,1300,0.04230769230769231,0.5646153846153846,0.33,0.08538461538461538,True,-0.25800390891589325,0.6945340911038544,1.2509885322098409,0.2608278895770589,0.6973580717650201,0.32916219322935836,1.2509885322098409,False,primary_external_adoption
cs.MM,cs,1859,918,941,0.08821947283485745,cs,269.0,0.4471698113207547,0.8141263940520446,0.2602230483271375,0.20817843866171,0.3048327137546468,0.1858736059479553,0.104089219330855,0.1412639405204461,0.174721189591078,0.2862453531598513,3.5510670049314865,2.6705878183162426,3.561419449168344,0.20539033457249067,1.48475654937479,918,0.16122004357298475,0.5533769063180828,0.31699346405228757,0.0664488017429194,True,1.0685274699034846,0.6476953237003918,1.1666466507618998,-0.1452668892498924,1.5709559043539842,0.741511874430569,1.1666466507618998,False,primary_external_adoption
cs.MS,cs,627,409,218,0.001594896331738437,cs,269.0,0.4471698113207547,0.8141263940520446,0.2602230483271375,0.20817843866171,0.3048327137546468,0.1858736059479553,0.104089219330855,0.1412639405204461,0.174721189591078,0.2862453531598513,3.5510670049314865,2.6705878183162426,3.561419449168344,0.20539033457249067,1.48475654937479,409,0.16381418092909536,0.8850855745721271,0.10513447432762836,0.05378973105134474,True,1.0974664704970476,2.0301623042874017,-0.2071692420224079,-0.4167515272973397,2.71087724748711,1.2795697597648168,-0.2071692420224079,False,primary_external_adoption
cs.NA,cs,172,172,0,0.0,cs,269.0,0.4471698113207547,0.8141263940520446,0.2602230483271375,0.20817843866171,0.3048327137546468,0.1858736059479553,0.104089219330855,0.1412639405204461,0.174721189591078,0.2862453531598513,3.5510670049314865,2.6705878183162426,3.561419449168344,0.20539033457249067,1.48475654937479,172,0.040697674418604654,0.6802325581395349,0.11627906976744186,0.05232558139534884,True,-0.2759645263589921,1.1763934456610974,-0.13490125682260296,-0.44815147355642,0.45227744574568535,0.21348091033495012,-0.13490125682260296,False,primary_external_adoption
cs.NE,cs,4561,2749,1812,0.026529269896952423,cs,269.0,0.4471698113207547,0.8141263940520446,0.2602230483271375,0.20817843866171,0.3048327137546468,0.1858736059479553,0.104089219330855,0.1412639405204461,0.174721189591078,0.2862453531598513,3.5510670049314865,2.6705878183162426,3.561419449168344,0.20539033457249067,1.48475654937479,2749,0.0542015278283012,0.7351764277919244,0.5765732993815933,0.08330301927973809,True,-0.12532176223623817,1.4053838002994377,2.849912032538738,0.21618627418030556,1.496248312243505,0.7062489071464451,2.849912032538738,False,primary_external_adoption
cs.NI,cs,4800,2950,1850,0.031875,cs,269.0,0.4471698113207547,0.8141263940520446,0.2602230483271375,0.20817843866171,0.3048327137546468,0.1858736059479553,0.104089219330855,0.1412639405204461,0.174721189591078,0.2862453531598513,3.5510670049314865,2.6705878183162426,3.561419449168344,0.20539033457249067,1.48475654937479,2950,0.023728813559322035,0.6867796610169492,0.19694915254237289,0.08983050847457627,True,-0.4652613164160598,1.2036799003509082,0.3882100915910743,0.35617388342864575,1.0945924673634941,0.5166620590449086,0.3882100915910743,False,primary_external_adoption
cs.OH,cs,572,403,169,0.017482517482517484,cs,269.0,0.4471698113207547,0.8141263940520446,0.2602230483271375,0.20817843866171,0.3048327137546468,0.1858736059479553,0.104089219330855,0.1412639405204461,0.174721189591078,0.2862453531598513,3.5510670049314865,2.6705878183162426,3.561419449168344,0.20539033457249067,1.48475654937479,403,0.06699751861042183,0.652605459057072,0.18114143920595532,0.10421836228287841,True,0.017424412698080056,1.061251588042654,0.2857037601940773,0.6647337594728026,1.7434097602135368,0.8229123654034725,0.2857037601940773,False,primary_external_adoption
cs.OS,cs,400,177,223,0.08,cs,269.0,0.4471698113207547,0.8141263940520446,0.2602230483271375,0.20817843866171,0.3048327137546468,0.1858736059479553,0.104089219330855,0.1412639405204461,0.174721189591078,0.2862453531598513,3.5510670049314865,2.6705878183162426,3.561419449168344,0.20539033457249067,1.48475654937479,177,0.11864406779661017,0.6666666666666666,0.062146892655367235,0.022598870056497175,True,0.5935695092690014,1.119854684940187,-0.4859255174604657,-1.0856663168490146,0.6277578773601737,0.296309984920499,-0.4859255174604657,False,primary_external_adoption
cs.PF,cs,860,489,371,0.056976744186046514,cs,269.0,0.4471698113207547,0.8141263940520446,0.2602230483271375,0.20817843866171,0.3048327137546468,0.1858736059479553,0.104089219330855,0.1412639405204461,0.174721189591078,0.2862453531598513,3.5510670049314865,2.6705878183162426,3.561419449168344,0.20539033457249067,1.48475654937479,489,0.049079754601226995,0.6421267893660532,0.17177914110429449,0.07566462167689161,True,-0.18245790350850288,1.01757948587975,0.2249932189904111,0.05237428047278665,0.8874958628440338,0.4189097345017314,0.2249932189904111,False,primary_external_adoption
cs.PL,cs,3477,1988,1489,0.03508771929824561,cs,269.0,0.4471698113207547,0.8141263940520446,0.2602230483271375,0.20817843866171,0.3048327137546468,0.1858736059479553,0.104089219330855,0.1412639405204461,0.174721189591078,0.2862453531598513,3.5510670049314865,2.6705878183162426,3.561419449168344,0.20539033457249067,1.48475654937479,1988,0.5462776659959758,0.7676056338028169,0.08450704225352113,0.061871227364185113,True,5.36405281577871,1.5405394679299775,-0.3409294097998854,-0.24343690137985557,6.6611553823288325,3.1441530597608325,-0.3409294097998854,False,primary_external_adoption
cs.RO,cs,4800,2950,1850,0.03333333333333333,cs,269.0,0.4471698113207547,0.8141263940520446,0.2602230483271375,0.20817843866171,0.3048327137546468,0.1858736059479553,0.104089219330855,0.1412639405204461,0.174721189591078,0.2862453531598513,3.5510670049314865,2.6705878183162426,3.561419449168344,0.20539033457249067,1.48475654937479,2950,0.04067796610169491,0.6298305084745762,0.27016949152542374,0.05084745762711865,True,-0.2761843832580132,0.9663320994126868,0.8630130041354146,-0.4798511066483169,0.2102966095063567,0.09926276903715997,0.8630130041354146,False,primary_external_adoption
cs.SC,cs,656,370,286,0.003048780487804878,cs,269.0,0.4471698113207547,0.8141263940520446,0.2602230483271375,0.20817843866171,0.3048327137546468,0.1858736059479553,0.104089219330855,0.1412639405204461,0.174721189591078,0.2862453531598513,3.5510670049314865,2.6705878183162426,3.561419449168344,0.20539033457249067,1.48475654937479,370,0.06756756756756757,0.727027027027027,0.051351351351351354,0.043243243243243246,True,0.023783616103536565,1.3714194256922216,-0.5559300343041529,-0.642930011880721,0.7522730299150372,0.3550827766392667,-0.5559300343041529,False,primary_external_adoption
cs.SD,cs,4173,2326,1847,0.047927150730889045,cs,269.0,0.4471698113207547,0.8141263940520446,0.2602230483271375,0.20817843866171,0.3048327137546468,0.1858736059479553,0.104089219330855,0.1412639405204461,0.174721189591078,0.2862453531598513,3.5510670049314865,2.6705878183162426,3.561419449168344,0.20539033457249067,1.48475654937479,2326,0.1638005159071367,0.49527085124677556,0.5240756663800515,0.043852106620808254,True,1.0973140298108823,0.40552588347722934,2.5094870987428726,-0.6298724140754889,0.8729674992126227,0.4120521555468551,2.5094870987428726,False,primary_external_adoption
cs.SE,cs,4795,2945,1850,0.1443169968717414,cs,269.0,0.4471698113207547,0.8141263940520446,0.2602230483271375,0.20817843866171,0.3048327137546468,0.1858736059479553,0.104089219330855,0.1412639405204461,0.174721189591078,0.2862453531598513,3.5510670049314865,2.6705878183162426,3.561419449168344,0.20539033457249067,1.48475654937479,2945,0.22716468590831917,0.8536502546689304,0.1966044142614601,0.18777589134125636,True,1.8041755030306743,1.8991488700618124,0.3859746097274789,2.456696699347268,6.160021072439755,2.907611066164819,0.3859746097274789,False,primary_external_adoption
cs.SI,cs,4797,2947,1850,0.0300187617260788,cs,269.0,0.4471698113207547,0.8141263940520446,0.2602230483271375,0.20817843866171,0.3048327137546468,0.1858736059479553,0.104089219330855,0.1412639405204461,0.174721189591078,0.2862453531598513,3.5510670049314865,2.6705878183162426,3.561419449168344,0.20539033457249067,1.48475654937479,2947,0.10858500169664065,0.5568374618255854,0.18527315914489312,0.10824567356633864,True,0.4813552045206391,0.6621179305885146,0.3124962155155324,0.7511029071561544,1.8945760422653082,0.8942648412076891,0.3124962155155324,False,primary_external_adoption
cs.SY,cs,805,804,1,0.0012422360248447205,cs,269.0,0.4471698113207547,0.8141263940520446,0.2602230483271375,0.20817843866171,0.3048327137546468,0.1858736059479553,0.104089219330855,0.1412639405204461,0.174721189591078,0.2862453531598513,3.5510670049314865,2.6705878183162426,3.561419449168344,0.20539033457249067,1.48475654937479,804,0.024875621890547265,0.6057213930348259,0.07338308457711443,0.06716417910447761,True,-0.45246805128695816,0.8658521927462473,-0.41306356783759246,-0.1299250076219439,0.2834591338373452,0.13379644398270382,-0.41306356783759246,False,primary_external_adoption
econ.EM,econ,1320,724,596,0.006818181818181818,econ,54.0,0.3611111111111111,0.7777777777777778,0.1851851851851851,0.2407407407407407,0.1851851851851851,0.2407407407407407,0.1111111111111111,0.1666666666666666,0.1296296296296296,0.2962962962962963,1.0833822965179063,1.973808083083738,0.8149359440724616,0.23611111111111108,2.4412634741240873,724,0.03314917127071823,0.6270718232044199,0.15607734806629833,0.14917127071823205,True,-0.36017214804202946,0.9548346871928107,0.12317373590477868,1.628787470293338,2.2234500094441194,1.0494976845855946,0.12317373590477868,False,primary_external_adoption
econ.GN,econ,837,405,432,0.08243727598566308,econ,54.0,0.3611111111111111,0.7777777777777778,0.1851851851851851,0.2407407407407407,0.1851851851851851,0.2407407407407407,0.1111111111111111,0.1666666666666666,0.1296296296296296,0.2962962962962963,1.0833822965179063,1.973808083083738,0.8149359440724616,0.23611111111111108,2.4412634741240873,405,0.08148148148148149,0.5037037037037037,0.17530864197530865,0.1728395061728395,True,0.17900082619654364,0.4406716037721737,0.2478805385065531,2.1363730974035846,2.7560455273723017,1.3008897826818484,0.2478805385065531,False,primary_external_adoption
econ.TH,econ,660,298,362,0.015151515151515152,econ,54.0,0.3611111111111111,0.7777777777777778,0.1851851851851851,0.2407407407407407,0.1851851851851851,0.2407407407407407,0.1111111111111111,0.1666666666666666,0.1296296296296296,0.2962962962962963,1.0833822965179063,1.973808083083738,0.8149359440724616,0.23611111111111108,2.4412634741240873,298,0.010067114093959731,0.22483221476510068,0.06711409395973154,0.12751677852348994,True,-0.6176649383776799,-0.7215851057494765,-0.45371531904753354,1.1643882960708922,-0.1748617480562642,-0.08253704779875802,-0.45371531904753354,False,primary_external_adoption
eess.AS,eess,4272,2447,1825,0.04400749063670412,eess,340.0,0.3597922848664688,0.7323529411764705,0.1970588235294117,0.1852941176470588,0.238235294117647,0.2,0.1294117647058823,0.1323529411764706,0.1411764705882353,0.2352941176470588,1.0455656975101326,1.1030430068779005,1.2495265692905757,0.18823529411764703,0.950625682963131,2447,0.24152022885165508,0.5075602778912954,0.5169595422966898,0.028606456885982835,True,1.9643193230098053,0.45674470340081086,2.4633420455003687,-0.9568284601312202,1.464235566279396,0.6911384694825199,2.4633420455003687,False,primary_external_adoption
eess.IV,eess,4561,2711,1850,0.018636263977197982,eess,340.0,0.3597922848664688,0.7323529411764705,0.1970588235294117,0.1852941176470588,0.238235294117647,0.2,0.1294117647058823,0.1323529411764706,0.1411764705882353,0.2352941176470588,1.0455656975101326,1.1030430068779005,1.2495265692905757,0.18823529411764703,0.950625682963131,2711,0.045739579490962745,0.6145333825156769,0.5533013648100332,0.05459240132792328,True,-0.21971935740601956,0.9025780478608524,2.699003385179487,-0.3995375741709541,0.28332111628387874,0.13373129787994462,2.699003385179487,False,primary_external_adoption
eess.SP,eess,4800,2950,1850,0.0077083333333333335,eess,340.0,0.3597922848664688,0.7323529411764705,0.1970588235294117,0.1852941176470588,0.238235294117647,0.2,0.1294117647058823,0.1323529411764706,0.1411764705882353,0.2352941176470588,1.0455656975101326,1.1030430068779005,1.2495265692905757,0.18823529411764703,0.950625682963131,2950,0.015593220338983051,0.6861016949152542,0.25084745762711863,0.07152542372881356,True,-0.5560182443319222,1.2008543312921196,0.7377177911028802,-0.036394372781406406,0.608441714178791,0.28719250152854864,0.7377177911028802,False,primary_external_adoption
eess.SY,eess,4046,2196,1850,0.00865051903114187,eess,340.0,0.3597922848664688,0.7323529411764705,0.1970588235294117,0.1852941176470588,0.238235294117647,0.2,0.1294117647058823,0.1323529411764706,0.1411764705882353,0.2352941176470588,1.0455656975101326,1.1030430068779005,1.2495265692905757,0.18823529411764703,0.950625682963131,2196,0.015027322404371584,0.657103825136612,0.1429872495446266,0.06739526411657559,True,-0.5623311408433739,1.0799994929565948,0.038289986527152785,-0.12496919116462962,0.3926991609485913,0.1853591753372905,0.038289986527152785,False,primary_external_adoption
gr-qc,gr-qc,2712,1471,1241,0.0011061946902654867,gr-qc,190.0,0.3039473684210526,0.6473684210526316,0.1473684210526315,0.1210526315789473,0.2263157894736842,0.1684210526315789,0.0736842105263157,0.1157894736842105,0.131578947368421,0.1684210526315789,-0.5557557960667044,-0.5260559107794395,-0.56920686806596,0.1434210526315789,-0.4446884053680613,1471,0.03467029231815092,0.20666213460231136,0.02515295717199184,0.1026512576478586,True,-0.3432032227879965,-0.7973128097974066,-0.7258155337857108,0.6311258553077685,-0.5093901772776346,-0.24043887172312797,-0.7258155337857108,False,primary_external_adoption
hep-ex,hep-ex,1294,612,682,0.005409582689335394,hep-ex,190.0,0.3039473684210526,0.6473684210526316,0.1473684210526315,0.1210526315789473,0.2263157894736842,0.1684210526315789,0.0736842105263157,0.1157894736842105,0.131578947368421,0.1684210526315789,-0.5557557960667044,-0.5260559107794395,-0.56920686806596,0.1434210526315789,-0.4446884053680613,612,0.06699346405228758,0.545751633986928,0.12418300653594772,0.05555555555555555,True,0.017379181916457286,0.6159153666938669,-0.08364757170757517,-0.3788819049482008,0.2544126436621234,0.12008611811310858,-0.08364757170757517,False,primary_external_adoption
hep-lat,hep-lat,233,122,111,0.012875536480686695,hep-lat,190.0,0.3039473684210526,0.6473684210526316,0.1473684210526315,0.1210526315789473,0.2263157894736842,0.1684210526315789,0.0736842105263157,0.1157894736842105,0.131578947368421,0.1684210526315789,-0.5557557960667044,-0.5260559107794395,-0.56920686806596,0.1434210526315789,-0.4446884053680613,122,0.040983606557377046,0.4918032786885246,0.29508196721311475,0.03278688524590164,True,-0.27277479921745823,0.3910740315259255,1.0245598663801228,-0.8671755853012221,-0.7488763529927548,-0.35347950040185167,1.0245598663801228,False,primary_external_adoption
hep-ph,hep-ph,1189,613,576,0.012615643397813289,hep-ph,190.0,0.3039473684210526,0.6473684210526316,0.1473684210526315,0.1210526315789473,0.2263157894736842,0.1684210526315789,0.0736842105263157,0.1157894736842105,0.131578947368421,0.1684210526315789,-0.5557557960667044,-0.5260559107794395,-0.56920686806596,0.1434210526315789,-0.4446884053680613,613,0.052202283849918436,0.399673735725938,0.20717781402936378,0.0799347471451876,True,-0.14762440652020914,0.007104412182716226,0.4545386327164795,0.14395078679161824,0.0034307924541253365,0.0016193792177045592,0.4545386327164795,False,primary_external_adoption
hep-th,hep-th,4511,2694,1817,0.001330082021724673,hep-th,190.0,0.3039473684210526,0.6473684210526316,0.1473684210526315,0.1210526315789473,0.2263157894736842,0.1684210526315789,0.0736842105263157,0.1157894736842105,0.131578947368421,0.1684210526315789,-0.5557557960667044,-0.5260559107794395,-0.56920686806596,0.1434210526315789,-0.4446884053680613,2694,0.0400890868596882,0.11395694135115071,0.019302152932442463,0.07757980697847068,True,-0.282753648641678,-1.1836815751156302,-0.7637555233056702,0.09344707333893573,-1.3729881504183725,-0.6480684875788091,-0.7637555233056702,False,primary_external_adoption
math-ph,math-ph,4800,2950,1850,0.0,math-ph,75.0,0.3175675675675675,0.6533333333333333,0.16,0.12,0.12,0.1333333333333333,0.08,0.0933333333333333,0.16,0.1733333333333333,-0.16520426464076002,-0.41171235590318694,-0.10687462978466984,0.12999999999999998,-0.8625596711998887,2950,0.04406779661016949,0.07898305084745763,0.005084745762711864,0.06677966101694915,True,-0.23836899662640382,-1.3294427608528432,-0.8559493922056691,-0.1381713280951235,-1.7059830855743705,-0.8052464821100745,-0.8559493922056691,False,primary_external_adoption
math.AC,math,4107,2377,1730,0.0,math,75.0,0.3175675675675675,0.6533333333333333,0.16,0.12,0.12,0.1333333333333333,0.08,0.0933333333333333,0.16,0.1733333333333333,-0.16520426464076002,-0.41171235590318694,-0.10687462978466984,0.12999999999999998,-0.8625596711998887,2377,0.0344972654606647,0.06604964240639462,0.0037862852334875894,0.030710980227177113,True,-0.34513343065447716,-1.383345512958559,-0.8643693592484639,-0.9116951504699672,-2.640174094083003,-1.2461969402836797,-0.8643693592484639,False,primary_external_adoption
math.AG,math,4800,2950,1850,0.0,math,75.0,0.3175675675675675,0.6533333333333333,0.16,0.12,0.12,0.1333333333333333,0.08,0.0933333333333333,0.16,0.1733333333333333,-0.16520426464076002,-0.41171235590318694,-0.10687462978466984,0.12999999999999998,-0.8625596711998887,2950,0.03762711864406779,0.07627118644067797,0.002711864406779661,0.029152542372881354,True,-0.3102182312264616,-1.3407450370879963,-0.8713365236307171,-0.9451171880824528,-2.5960804563969107,-1.2253841626363515,-0.8713365236307171,False,primary_external_adoption
math.AP,math,4800,2950,1850,0.00020833333333333335,math,75.0,0.3175675675675675,0.6533333333333333,0.16,0.12,0.12,0.1333333333333333,0.08,0.0933333333333333,0.16,0.1733333333333333,-0.16520426464076002,-0.41171235590318694,-0.10687462978466984,0.12999999999999998,-0.8625596711998887,2950,0.06508474576271187,0.20813559322033898,0.007457627118644068,0.03016949152542373,True,-0.003913599510425973,-0.7911718551536634,-0.8405622607806211,-0.9233078405152277,-1.7183932951793173,-0.8111042644709515,-0.8405622607806211,False,primary_external_adoption
math.AT,math,4313,2575,1738,0.0006955715279387897,math,75.0,0.3175675675675675,0.6533333333333333,0.16,0.12,0.12,0.1333333333333333,0.08,0.0933333333333333,0.16,0.1733333333333333,-0.16520426464076002,-0.41171235590318694,-0.10687462978466984,0.12999999999999998,-0.8625596711998887,2575,0.04349514563106796,0.1366990291262136,0.010097087378640776,0.037281553398058255,True,-0.24475722698941355,-1.0888990492801673,-0.8234464779749505,-0.7707835683703297,-2.1044398446399106,-0.9933233195791178,-0.8234464779749505,False,primary_external_adoption
math.CA,math,4800,2950,1850,0.00020833333333333335,math,75.0,0.3175675675675675,0.6533333333333333,0.16,0.12,0.12,0.1333333333333333,0.08,0.0933333333333333,0.16,0.1733333333333333,-0.16520426464076002,-0.41171235590318694,-0.10687462978466984,0.12999999999999998,-0.8625596711998887,2950,0.03661016949152542,0.04372881355932203,0.001694915254237288,0.03593220338983051,True,-0.32156284721594436,-1.476372351909837,-0.8779310085271664,-0.7997215376342853,-2.597656736760067,-1.2261281877254533,-0.8779310085271664,False,primary_external_adoption
math.CO,math,4800,2950,1850,0.00020833333333333335,math,75.0,0.3175675675675675,0.6533333333333333,0.16,0.12,0.12,0.1333333333333333,0.08,0.0933333333333333,0.16,0.1733333333333333,-0.16520426464076002,-0.41171235590318694,-0.10687462978466984,0.12999999999999998,-0.8625596711998887,2950,0.03491525423728813,0.08169491525423729,0.003389830508474576,0.02135593220338983,True,-0.340470540531749,-1.3181404846176896,-0.8669402003664177,-1.1123221860978454,-2.770933211247284,-1.3079169655234997,-0.8669402003664177,False,primary_external_adoption
math.CT,math,2543,1408,1135,0.00039323633503735744,math,75.0,0.3175675675675675,0.6533333333333333,0.16,0.12,0.12,0.1333333333333333,0.08,0.0933333333333333,0.16,0.1733333333333333,-0.16520426464076002,-0.41171235590318694,-0.10687462978466984,0.12999999999999998,-0.8625596711998887,1408,0.09801136363636363,0.06747159090909091,0.007102272727272727,0.046875,True,0.36340057217177696,-1.3774192377622556,-0.8428665836279599,-0.5650438705827902,-1.5790625361732689,-0.7453383114037363,-0.8428665836279599,False,primary_external_adoption
math.CV,math,4596,2803,1793,0.0,math,75.0,0.3175675675675675,0.6533333333333333,0.16,0.12,0.12,0.1333333333333333,0.08,0.0933333333333333,0.16,0.1733333333333333,-0.16520426464076002,-0.41171235590318694,-0.10687462978466984,0.12999999999999998,-0.8625596711998887,2803,0.022119158044951837,0.03317873706742776,0.0010702818408847663,0.024616482340349626,True,-0.4832178913738451,-1.5203420572222734,-0.8819814918771677,-1.0423968894204811,-3.0459568380165996,-1.4377317390847415,-0.8819814918771677,False,primary_external_adoption
math.DG,math,4800,2950,1850,0.0004166666666666667,math,75.0,0.3175675675675675,0.6533333333333333,0.16,0.12,0.12,0.1333333333333333,0.08,0.0933333333333333,0.16,0.1733333333333333,-0.16520426464076002,-0.41171235590318694,-0.10687462978466984,0.12999999999999998,-0.8625596711998887,2950,0.02406779661016949,0.05016949152542373,0.001016949152542373,0.03491525423728813,True,-0.4614797777528989,-1.4495294458513477,-0.8823273317914657,-0.8215308852015105,-2.732540108805757,-1.2897949155807111,-0.8823273317914657,False,primary_external_adoption
math.DS,math,4800,2950,1850,0.0004166666666666667,math,75.0,0.3175675675675675,0.6533333333333333,0.16,0.12,0.12,0.1333333333333333,0.08,0.0933333333333333,0.16,0.1733333333333333,-0.16520426464076002,-0.41171235590318694,-0.10687462978466984,0.12999999999999998,-0.8625596711998887,2950,0.055254237288135596,0.11050847457627119,0.01864406779661017,0.03830508474576271,True,-0.11357822074209299,-1.198053799619185,-0.7680229269196802,-0.7488330599774268,-2.060465080338705,-0.9725666517348738,-0.7680229269196802,False,primary_external_adoption
math.FA,math,4800,2950,1850,0.0,math,75.0,0.3175675675675675,0.6533333333333333,0.16,0.12,0.12,0.1333333333333333,0.08,0.0933333333333333,0.16,0.1733333333333333,-0.16520426464076002,-0.41171235590318694,-0.10687462978466984,0.12999999999999998,-0.8625596711998887,2950,0.0688135593220339,0.04,0.008813559322033898,0.03627118644067796,True,0.03768332578434425,-1.4919129817331729,-0.8317696142520222,-0.792451755111877,-2.2466814110607056,-1.060463212077881,-0.8317696142520222,False,primary_external_adoption
math.GM,math,2267,1256,1011,0.0,math,75.0,0.3175675675675675,0.6533333333333333,0.16,0.12,0.12,0.1333333333333333,0.08,0.0933333333333333,0.16,0.1733333333333333,-0.16520426464076002,-0.41171235590318694,-0.10687462978466984,0.12999999999999998,-0.8625596711998887,1256,0.03503184713375796,0.07882165605095541,0.005573248407643312,0.044585987261146494,True,-0.33916988392148983,-1.3301154082641309,-0.8527816592803579,-0.6141337137501277,-2.283419005935748,-1.077803840648271,-0.8527816592803579,False,primary_external_adoption
math.GN,math,1750,1084,666,0.0,math,75.0,0.3175675675675675,0.6533333333333333,0.16,0.12,0.12,0.1333333333333333,0.08,0.0933333333333333,0.16,0.1733333333333333,-0.16520426464076002,-0.41171235590318694,-0.10687462978466984,0.12999999999999998,-0.8625596711998887,1084,0.03136531365313653,0.016605166051660517,0.0018450184501845018,0.03966789667896679,True,-0.3800720413658845,-1.5894159671695538,-0.8769576528228934,-0.7196063881760839,-2.689094396711522,-1.2692879673451305,-0.8769576528228934,False,primary_external_adoption
math.GR,math,4793,2943,1850,0.0,math,75.0,0.3175675675675675,0.6533333333333333,0.16,0.12,0.12,0.1333333333333333,0.08,0.0933333333333333,0.16,0.1733333333333333,-0.16520426464076002,-0.41171235590318694,-0.10687462978466984,0.12999999999999998,-0.8625596711998887,2943,0.05368671423717295,0.047910295616717634,0.0006795786612300374,0.023445463812436288,True,-0.13106478535879612,-1.458945129085985,-0.8845150366574416,-1.0675103870020213,-2.6575203014468025,-1.2543845785878125,-0.8845150366574416,False,primary_external_adoption
math.GT,math,4787,2939,1848,0.0,math,75.0,0.3175675675675675,0.6533333333333333,0.16,0.12,0.12,0.1333333333333333,0.08,0.0933333333333333,0.16,0.1733333333333333,-0.16520426464076002,-0.41171235590318694,-0.10687462978466984,0.12999999999999998,-0.8625596711998887,2939,0.044232732221844165,0.0700918679823069,0.001701258931609391,0.024838380401497107,True,-0.23652905096858817,-1.3664986713725464,-0.8778898724639584,-1.0376380950127566,-2.6406658173538915,-1.2464290401429354,-0.8778898724639584,False,primary_external_adoption
math.HO,math,1673,970,703,0.007770472205618649,math,75.0,0.3175675675675675,0.6533333333333333,0.16,0.12,0.12,0.1333333333333333,0.08,0.0933333333333333,0.16,0.1733333333333333,-0.16520426464076002,-0.41171235590318694,-0.10687462978466984,0.12999999999999998,-0.8625596711998887,970,0.12783505154639174,0.11958762886597939,0.007216494845360825,0.0979381443298969,True,0.6960998874557358,-1.1602144778937615,-0.8421259015292637,0.5300490942738769,0.0659345038358512,0.0311219540876147,-0.8421259015292637,False,primary_external_adoption
math.KT,math,945,597,348,0.0,math,75.0,0.3175675675675675,0.6533333333333333,0.16,0.12,0.12,0.1333333333333333,0.08,0.0933333333333333,0.16,0.1733333333333333,-0.16520426464076002,-0.41171235590318694,-0.10687462978466984,0.12999999999999998,-0.8625596711998887,597,0.04020100502512563,0.04355108877721943,0.0,0.031825795644891124,True,-0.28150514117602854,-1.4771130580366383,-0.888921816687915,-0.8877869768337113,-2.646405176046378,-1.2491380930261513,-0.888921816687915,False,primary_external_adoption
math.LO,math,4688,2852,1836,0.0004266211604095563,math,75.0,0.3175675675675675,0.6533333333333333,0.16,0.12,0.12,0.1333333333333333,0.08,0.0933333333333333,0.16,0.1733333333333333,-0.16520426464076002,-0.41171235590318694,-0.10687462978466984,0.12999999999999998,-0.8625596711998887,2852,0.135343618513324,0.042426367461430574,0.004908835904628331,0.038920056100981766,True,0.7798619995123784,-1.481800575217376,-0.8570900931928996,-0.7356444713480647,-1.4375830470530622,-0.6785581294264803,-0.8570900931928996,False,primary_external_adoption
math.MG,math,3096,1891,1205,0.0,math,75.0,0.3175675675675675,0.6533333333333333,0.16,0.12,0.12,0.1333333333333333,0.08,0.0933333333333333,0.16,0.1733333333333333,-0.16520426464076002,-0.41171235590318694,-0.10687462978466984,0.12999999999999998,-0.8625596711998887,1891,0.03966155473294553,0.06398730830248546,0.0021152829190904283,0.035430988894764676,True,-0.2875229999793894,-1.3919407324220714,-0.8752051021139505,-0.810470512744097,-2.489934245145558,-1.1752817531094204,-0.8752051021139505,False,primary_external_adoption
math.NA,math,4800,2950,1850,0.0004166666666666667,math,75.0,0.3175675675675675,0.6533333333333333,0.16,0.12,0.12,0.1333333333333333,0.08,0.0933333333333333,0.16,0.1733333333333333,-0.16520426464076002,-0.41171235590318694,-0.10687462978466984,0.12999999999999998,-0.8625596711998887,2950,0.030508474576271188,0.40271186440677964,0.062033898305084746,0.060677966101694916,True,-0.38963054315284107,0.019766464718591493,-0.4866582380045157,-0.2690274134984742,-0.6388914919327238,-0.3015651976148828,-0.4866582380045157,False,primary_external_adoption
math.NT,math,4800,2950,1850,0.000625,math,75.0,0.3175675675675675,0.6533333333333333,0.16,0.12,0.12,0.1333333333333333,0.08,0.0933333333333333,0.16,0.1733333333333333,-0.16520426464076002,-0.41171235590318694,-0.10687462978466984,0.12999999999999998,-0.8625596711998887,2950,0.03762711864406779,0.0640677966101695,0.001016949152542373,0.022372881355932205,True,-0.3102182312264616,-1.3916052801461867,-0.8823273317914657,-1.0905128385306202,-2.7923363499032687,-1.3180195288223868,-0.8823273317914657,False,primary_external_adoption
math.OA,math,3143,1853,1290,0.0,math,75.0,0.3175675675675675,0.6533333333333333,0.16,0.12,0.12,0.1333333333333333,0.08,0.0933333333333333,0.16,0.1733333333333333,-0.16520426464076002,-0.41171235590318694,-0.10687462978466984,0.12999999999999998,-0.8625596711998887,1853,0.04371289800323799,0.028602266594711278,0.0021586616297895305,0.032379924446842956,True,-0.2423280818970634,-1.5394154789373686,-0.8749238095322934,-0.8759032089889135,-2.6576467698233457,-1.2544442733269752,-0.8749238095322934,False,primary_external_adoption
math.OC,math,4800,2950,1850,0.001875,math,75.0,0.3175675675675675,0.6533333333333333,0.16,0.12,0.12,0.1333333333333333,0.08,0.0933333333333333,0.16,0.1733333333333333,-0.16520426464076002,-0.41171235590318694,-0.10687462978466984,0.12999999999999998,-0.8625596711998887,2950,0.02576271186440678,0.6559322033898305,0.09593220338983051,0.08813559322033898,True,-0.4425720844370942,1.0751165081760383,-0.2668420747895433,0.3198249708166038,0.952369394555548,0.4495308957749484,-0.2668420747895433,False,primary_external_adoption
math.PR,math,4800,2950,1850,0.0,math,75.0,0.3175675675675675,0.6533333333333333,0.16,0.12,0.12,0.1333333333333333,0.08,0.0933333333333333,0.16,0.1733333333333333,-0.16520426464076002,-0.41171235590318694,-0.10687462978466984,0.12999999999999998,-0.8625596711998887,2950,0.030847457627118643,0.08508474576271187,0.00983050847457627,0.05322033898305085,True,-0.3858490044896802,-1.304012639323748,-0.8251751293555729,-0.4289626289914584,-2.1188242728048863,-1.0001129590983817,-0.8251751293555729,False,primary_external_adoption
math.QA,math,2823,1639,1184,0.0,math,75.0,0.3175675675675675,0.6533333333333333,0.16,0.12,0.12,0.1333333333333333,0.08,0.0933333333333333,0.16,0.1733333333333333,-0.16520426464076002,-0.41171235590318694,-0.10687462978466984,0.12999999999999998,-0.8625596711998887,1639,0.04087858450274558,0.06650396583282489,0.0012202562538133007,0.03294691885295912,True,-0.27394637684967504,-1.381452022689363,-0.8810089712762716,-0.8637435272184479,-2.519141926757486,-1.189068163459836,-0.8810089712762716,False,primary_external_adoption
math.RA,math,4676,2840,1836,0.0,math,75.0,0.3175675675675675,0.6533333333333333,0.16,0.12,0.12,0.1333333333333333,0.08,0.0933333333333333,0.16,0.1733333333333333,-0.16520426464076002,-0.41171235590318694,-0.10687462978466984,0.12999999999999998,-0.8625596711998887,2840,0.029225352112676056,0.03732394366197183,0.001056338028169014,0.029225352112676056,True,-0.4039444659095242,-1.5030660201659254,-0.8820719116018146,-0.943555720709682,-2.8505662067851314,-1.3455047880869042,-0.8820719116018146,False,primary_external_adoption
math.RT,math,4800,2950,1850,0.0,math,75.0,0.3175675675675675,0.6533333333333333,0.16,0.12,0.12,0.1333333333333333,0.08,0.0933333333333333,0.16,0.1733333333333333,-0.16520426464076002,-0.41171235590318694,-0.10687462978466984,0.12999999999999998,-0.8625596711998887,2950,0.04474576271186441,0.05559322033898305,0.00033898305084745765,0.02711864406779661,True,-0.23080591930008193,-1.4269248933810408,-0.8867236550557653,-0.988735883216903,-2.6464666958980256,-1.2491671312062704,-0.8867236550557653,False,primary_external_adoption
math.SG,math,2135,1229,906,0.000468384074941452,math,75.0,0.3175675675675675,0.6533333333333333,0.16,0.12,0.12,0.1333333333333333,0.08,0.0933333333333333,0.16,0.1733333333333333,-0.16520426464076002,-0.41171235590318694,-0.10687462978466984,0.12999999999999998,-0.8625596711998887,1229,0.03905614320585842,0.06427990235964198,0.0008136696501220504,0.022782750203417412,True,-0.29427669191495887,-1.3907212839679082,-0.8836455133397931,-1.0817228492480337,-2.766720825130901,-1.3059286638045733,-0.8836455133397931,False,primary_external_adoption
math.SP,math,2108,1259,849,0.0,math,75.0,0.3175675675675675,0.6533333333333333,0.16,0.12,0.12,0.1333333333333333,0.08,0.0933333333333333,0.16,0.1733333333333333,-0.16520426464076002,-0.41171235590318694,-0.10687462978466984,0.12999999999999998,-0.8625596711998887,1259,0.04289118347895155,0.09849086576648133,0.006354249404289118,0.03335980937251787,True,-0.2514947503658901,-1.2481397604491924,-0.8477171983251403,-0.8548887355843169,-2.3545232463993995,-1.1113659785033407,-0.8477171983251403,False,primary_external_adoption
math.ST,math,4800,2950,1850,0.0014583333333333334,math,75.0,0.3175675675675675,0.6533333333333333,0.16,0.12,0.12,0.1333333333333333,0.08,0.0933333333333333,0.16,0.1733333333333333,-0.16520426464076002,-0.41171235590318694,-0.10687462978466984,0.12999999999999998,-0.8625596711998887,2950,0.022372881355932205,0.5338983050847458,0.05016949152542373,0.09694915254237288,True,-0.4803874710687035,0.5665140775941364,-0.563593895129756,0.5088393163992215,0.5949659229246544,0.28083175059684184,-0.563593895129756,False,primary_external_adoption
nlin.AO,nlin,541,343,198,0.0,nlin,190.0,0.3039473684210526,0.6473684210526316,0.1473684210526315,0.1210526315789473,0.2263157894736842,0.1684210526315789,0.0736842105263157,0.1157894736842105,0.131578947368421,0.1684210526315789,-0.5557557960667044,-0.5260559107794395,-0.56920686806596,0.1434210526315789,-0.4446884053680613,343,0.008746355685131196,0.25072886297376096,0.16326530612244897,0.04664723032069971,True,-0.632398710391336,-0.6136552730900189,0.16978460206174756,-0.56992858688224,-1.815982570363595,-0.8571676874897994,0.16978460206174756,False,primary_external_adoption
nlin.CD,nlin,641,340,301,0.0,nlin,190.0,0.3039473684210526,0.6473684210526316,0.1473684210526315,0.1210526315789473,0.2263157894736842,0.1684210526315789,0.0736842105263157,0.1157894736842105,0.131578947368421,0.1684210526315789,-0.5557557960667044,-0.5260559107794395,-0.56920686806596,0.1434210526315789,-0.4446884053680613,340,0.008823529411764706,0.15588235294117647,0.03529411764705882,0.052941176470588235,True,-0.6315377958697538,-1.008948435111159,-0.6600543996935027,-0.43494950871579474,-2.0754357396967076,-0.9796330000971972,-0.6600543996935027,False,primary_external_adoption
nlin.CG,nlin,102,50,52,0.0,nlin,190.0,0.3039473684210526,0.6473684210526316,0.1473684210526315,0.1210526315789473,0.2263157894736842,0.1684210526315789,0.0736842105263157,0.1157894736842105,0.131578947368421,0.1684210526315789,-0.5557557960667044,-0.5260559107794395,-0.56920686806596,0.1434210526315789,-0.4446884053680613,50,0.0,0.4,0.14,0.04,True,-0.7299690228373251,0.008464188483438294,0.01891893738992081,-0.7124841473653849,-1.4339889817192717,-0.6768616832594692,0.01891893738992081,False,primary_external_adoption
nlin.PS,nlin,732,463,269,0.001366120218579235,nlin,190.0,0.3039473684210526,0.6473684210526316,0.1473684210526315,0.1210526315789473,0.2263157894736842,0.1684210526315789,0.0736842105263157,0.1157894736842105,0.131578947368421,0.1684210526315789,-0.5557557960667044,-0.5260559107794395,-0.56920686806596,0.1434210526315789,-0.4446884053680613,463,0.0064794816414686825,0.09935205183585313,0.032397408207343416,0.04103671706263499,True,-0.657686912321182,-1.2445505828997645,-0.6788383345656143,-0.690250859996637,-2.5924883552175837,-1.2236886435761127,-0.6788383345656143,False,primary_external_adoption
nlin.SI,nlin,1039,572,467,0.0,nlin,190.0,0.3039473684210526,0.6473684210526316,0.1473684210526315,0.1210526315789473,0.2263157894736842,0.1684210526315789,0.0736842105263157,0.1157894736842105,0.131578947368421,0.1684210526315789,-0.5557557960667044,-0.5260559107794395,-0.56920686806596,0.1434210526315789,-0.4446884053680613,572,0.02097902097902098,0.0979020979020979,0.006993006993006993,0.033216783216783216,True,-0.49593673494240026,-1.2505935767332983,-0.843575125675036,-0.8579560542735776,-2.604486365949276,-1.2293518626406563,-0.843575125675036,False,primary_external_adoption
nucl-ex,nucl-ex,270,176,94,0.0,nucl-ex,190.0,0.3039473684210526,0.6473684210526316,0.1473684210526315,0.1210526315789473,0.2263157894736842,0.1684210526315789,0.0736842105263157,0.1157894736842105,0.131578947368421,0.1684210526315789,-0.5557557960667044,-0.5260559107794395,-0.56920686806596,0.1434210526315789,-0.4446884053680613,176,0.056818181818181816,0.4147727272727273,0.022727272727272728,0.056818181818181816,True,-0.09613157645523693,0.07003269609965022,-0.7415450708960585,-0.35180380085589685,-0.37790268121148357,-0.17837504204976243,-0.7415450708960585,False,primary_external_adoption
nucl-th,nucl-th,331,205,126,0.0,nucl-th,190.0,0.3039473684210526,0.6473684210526316,0.1473684210526315,0.1210526315789473,0.2263157894736842,0.1684210526315789,0.0736842105263157,0.1157894736842105,0.131578947368421,0.1684210526315789,-0.5557557960667044,-0.5260559107794395,-0.56920686806596,0.1434210526315789,-0.4446884053680613,205,0.04878048780487805,0.2926829268292683,0.1024390243902439,0.08780487804878048,True,-0.18579638594343473,-0.4388027186272047,-0.22464809419193768,0.31273250006303466,-0.3118666045076047,-0.147205144230848,-0.22464809419193768,False,primary_external_adoption
physics.acc-ph,physics,2894,1746,1148,0.0003455425017277125,physics,190.0,0.3039473684210526,0.6473684210526316,0.1473684210526315,0.1210526315789473,0.2263157894736842,0.1684210526315789,0.0736842105263157,0.1157894736842105,0.131578947368421,0.1684210526315789,-0.5557557960667044,-0.5260559107794395,-0.56920686806596,0.1434210526315789,-0.4446884053680613,1746,0.026345933562428408,0.31844215349369986,0.041237113402061855,0.033218785796105384,True,-0.4360659320063178,-0.3314456197112377,-0.6215165872099074,-0.8579131072409173,-1.6254246589584729,-0.7672218438910303,-0.6215165872099074,False,primary_external_adoption
physics.ao-ph,physics,2826,1418,1408,0.007077140835102618,physics,190.0,0.3039473684210526,0.6473684210526316,0.1473684210526315,0.1210526315789473,0.2263157894736842,0.1684210526315789,0.0736842105263157,0.1157894736842105,0.131578947368421,0.1684210526315789,-0.5557557960667044,-0.5260559107794395,-0.56920686806596,0.1434210526315789,-0.4446884053680613,1418,0.01622002820874471,0.498589562764457,0.16502115655853314,0.04301833568406206,True,-0.5490258646599843,0.4193573251318519,0.18117054908990865,-0.647753347557255,-0.7774218870853873,-0.36695336840348347,0.18117054908990865,False,primary_external_adoption
physics.app-ph,physics,4795,2945,1850,0.0016684045881126173,physics,190.0,0.3039473684210526,0.6473684210526316,0.1473684210526315,0.1210526315789473,0.2263157894736842,0.1684210526315789,0.0736842105263157,0.1157894736842105,0.131578947368421,0.1684210526315789,-0.5557557960667044,-0.5260559107794395,-0.56920686806596,0.1434210526315789,-0.4446884053680613,2945,0.020033955857385398,0.20577249575551781,0.04108658743633277,0.048556876061120545,True,-0.5064794458175762,-0.8010205703959257,-0.6224926843973059,-0.5289745946605161,-1.836474610874018,-0.8668402004659288,-0.6224926843973059,False,primary_external_adoption
physics.atm-clus,physics,405,289,116,0.0,physics,190.0,0.3039473684210526,0.6473684210526316,0.1473684210526315,0.1210526315789473,0.2263157894736842,0.1684210526315789,0.0736842105263157,0.1157894736842105,0.131578947368421,0.1684210526315789,-0.5557557960667044,-0.5260559107794395,-0.56920686806596,0.1434210526315789,-0.4446884053680613,289,0.020761245674740483,0.21107266435986158,0.02422145328719723,0.04152249134948097,True,-0.49836613585480427,-0.7789309815841028,-0.731855942279985,-0.6798330134066096,-1.9571301308455165,-0.9237911947786889,-0.731855942279985,False,primary_external_adoption
physics.atom-ph,physics,4717,2890,1827,0.0006359974560101759,physics,190.0,0.3039473684210526,0.6473684210526316,0.1473684210526315,0.1210526315789473,0.2263157894736842,0.1684210526315789,0.0736842105263157,0.1157894736842105,0.131578947368421,0.1684210526315789,-0.5557557960667044,-0.5260559107794395,-0.56920686806596,0.1434210526315789,-0.4446884053680613,2890,0.035986159169550176,0.17612456747404845,0.006920415224913495,0.041176470588235294,True,-0.328524018734289,-0.9245846668896369,-0.8440458525713636,-0.6872537256699677,-1.9403624112938935,-0.9158766103398832,-0.8440458525713636,False,primary_external_adoption
physics.bio-ph,physics,3225,1916,1309,0.000310077519379845,physics,190.0,0.3039473684210526,0.6473684210526316,0.1473684210526315,0.1210526315789473,0.2263157894736842,0.1684210526315789,0.0736842105263157,0.1157894736842105,0.131578947368421,0.1684210526315789,-0.5557557960667044,-0.5260559107794395,-0.56920686806596,0.1434210526315789,-0.4446884053680613,1916,0.020876826722338204,0.24686847599164927,0.07150313152400835,0.0709812108559499,True,-0.497076766964157,-0.6297442633571348,-0.42525426781875497,-0.048065485014667335,-1.1748865153359591,-0.5545619070627076,-0.42525426781875497,False,primary_external_adoption
physics.chem-ph,physics,4800,2950,1850,0.004166666666666667,physics,190.0,0.3039473684210526,0.6473684210526316,0.1473684210526315,0.1210526315789473,0.2263157894736842,0.1684210526315789,0.0736842105263157,0.1157894736842105,0.131578947368421,0.1684210526315789,-0.5557557960667044,-0.5260559107794395,-0.56920686806596,0.1434210526315789,-0.4446884053680613,2950,0.02610169491525424,0.32949152542372884,0.10101694915254238,0.062372881355932205,True,-0.4387905457739332,-0.28539499363054954,-0.23386965030729745,-0.23267850088643233,-0.956864040290915,-0.45165242775104997,-0.23386965030729745,False,primary_external_adoption
physics.class-ph,physics,2017,1313,704,0.001487357461576599,physics,190.0,0.3039473684210526,0.6473684210526316,0.1473684210526315,0.1210526315789473,0.2263157894736842,0.1684210526315789,0.0736842105263157,0.1157894736842105,0.131578947368421,0.1684210526315789,-0.5557557960667044,-0.5260559107794395,-0.56920686806596,0.1434210526315789,-0.4446884053680613,1313,0.026656511805026657,0.12795125666412796,0.0030464584920030465,0.0715917745620716,True,-0.4326012642909684,-1.1253572662033973,-0.8691668225832945,-0.034971422203905166,-1.592929952698271,-0.7518839146205193,-0.8691668225832945,False,primary_external_adoption
physics.comp-ph,physics,4458,2723,1735,0.00515926424405563,physics,190.0,0.3039473684210526,0.6473684210526316,0.1473684210526315,0.1210526315789473,0.2263157894736842,0.1684210526315789,0.0736842105263157,0.1157894736842105,0.131578947368421,0.1684210526315789,-0.5557557960667044,-0.5260559107794395,-0.56920686806596,0.1434210526315789,-0.4446884053680613,2723,0.032317297098788104,0.6210062431142123,0.20639001101726037,0.05839147998531032,True,-0.36945215285694377,0.9295550819387332,0.4494300635695313,-0.31806307107800946,0.24203985800377992,0.11424600034785613,0.4494300635695313,False,primary_external_adoption
physics.data-an,physics,1112,755,357,0.006294964028776978,physics,190.0,0.3039473684210526,0.6473684210526316,0.1473684210526315,0.1210526315789473,0.2263157894736842,0.1684210526315789,0.0736842105263157,0.1157894736842105,0.131578947368421,0.1684210526315789,-0.5557557960667044,-0.5260559107794395,-0.56920686806596,0.1434210526315789,-0.4446884053680613,755,0.045033112582781455,0.7245033112582782,0.2423841059602649,0.06357615894039735,True,-0.22760037659223695,1.3609012992379257,0.6828365371081488,-0.2068731801446384,0.9264277425010503,0.4372860943852706,0.6828365371081488,False,primary_external_adoption
physics.ed-ph,physics,1900,1047,853,0.04736842105263158,physics,190.0,0.3039473684210526,0.6473684210526316,0.1473684210526315,0.1210526315789473,0.2263157894736842,0.1684210526315789,0.0736842105263157,0.1157894736842105,0.131578947368421,0.1684210526315789,-0.5557557960667044,-0.5260559107794395,-0.56920686806596,0.1434210526315789,-0.4446884053680613,1047,0.08213944603629417,0.38108882521489973,0.02005730659025788,0.14422158548233047,True,0.18634077548543382,-0.07035218626528533,-0.7588586714045574,1.5226372213961668,1.6386258106163152,0.7734529613166177,-0.7588586714045574,False,primary_external_adoption
physics.flu-dyn,physics,4800,2950,1850,0.00125,physics,190.0,0.3039473684210526,0.6473684210526316,0.1473684210526315,0.1210526315789473,0.2263157894736842,0.1684210526315789,0.0736842105263157,0.1157894736842105,0.131578947368421,0.1684210526315789,-0.5557557960667044,-0.5260559107794395,-0.56920686806596,0.1434210526315789,-0.4446884053680613,2950,0.01694915254237288,0.35084745762711866,0.0640677966101695,0.06915254237288136,True,-0.5408920896792785,-0.1963895682787167,-0.4734692682116173,-0.0872828504382648,-0.8245645083962599,-0.38920530647310786,-0.4734692682116173,False,primary_external_adoption
physics.gen-ph,physics,2395,1604,791,0.0004175365344467641,physics,190.0,0.3039473684210526,0.6473684210526316,0.1473684210526315,0.1210526315789473,0.2263157894736842,0.1684210526315789,0.0736842105263157,0.1157894736842105,0.131578947368421,0.1684210526315789,-0.5557557960667044,-0.5260559107794395,-0.56920686806596,0.1434210526315789,-0.4446884053680613,1604,0.02805486284289277,0.10972568578553615,0.005610972568578554,0.04987531172069826,True,-0.4170019046736007,-1.2013162397045192,-0.8525370340609978,-0.5006996101415081,-2.119017754519628,-1.0002042850156585,-0.8525370340609978,False,primary_external_adoption
physics.geo-ph,physics,2834,1477,1357,0.012702893436838392,physics,190.0,0.3039473684210526,0.6473684210526316,0.1473684210526315,0.1210526315789473,0.2263157894736842,0.1684210526315789,0.0736842105263157,0.1157894736842105,0.131578947368421,0.1684210526315789,-0.5557557960667044,-0.5260559107794395,-0.56920686806596,0.1434210526315789,-0.4446884053680613,1477,0.018957345971563982,0.5443466486120515,0.17400135409614081,0.09004739336492891,True,-0.5184896094472824,0.6100597889689975,0.23940332983497778,0.36082516608516296,0.45239534560687805,0.2135365606220306,0.23940332983497778,False,primary_external_adoption
physics.hist-ph,physics,1629,1010,619,0.0012277470841006752,physics,190.0,0.3039473684210526,0.6473684210526316,0.1473684210526315,0.1210526315789473,0.2263157894736842,0.1684210526315789,0.0736842105263157,0.1157894736842105,0.131578947368421,0.1684210526315789,-0.5557557960667044,-0.5260559107794395,-0.56920686806596,0.1434210526315789,-0.4446884053680613,1010,0.10792079207920792,0.09504950495049505,0.009900990099009901,0.13366336633663367,True,0.4739455881917818,-1.2624823693458145,-0.8247180858478983,1.2962071482073918,0.5076703670533591,0.23962709864946494,-0.8247180858478983,False,primary_external_adoption
physics.ins-det,physics,4800,2950,1850,0.0008333333333333334,physics,190.0,0.3039473684210526,0.6473684210526316,0.1473684210526315,0.1210526315789473,0.2263157894736842,0.1684210526315789,0.0736842105263157,0.1157894736842105,0.131578947368421,0.1684210526315789,-0.5557557960667044,-0.5260559107794395,-0.56920686806596,0.1434210526315789,-0.4446884053680613,2950,0.04,0.40915254237288134,0.04,0.03152542372881356,True,-0.283747460584335,0.04660937077708081,-0.6295387440942476,-0.8942287104255942,-1.1313668002328483,-0.5340200284324079,-0.6295387440942476,False,primary_external_adoption
physics.med-ph,physics,4039,2286,1753,0.005446892795246348,physics,190.0,0.3039473684210526,0.6473684210526316,0.1473684210526315,0.1210526315789473,0.2263157894736842,0.1684210526315789,0.0736842105263157,0.1157894736842105,0.131578947368421,0.1684210526315789,-0.5557557960667044,-0.5260559107794395,-0.56920686806596,0.1434210526315789,-0.4446884053680613,2286,0.03543307086614173,0.5384951881014873,0.19247594050743658,0.07742782152230972,True,-0.3346940169045583,0.5856725729621238,0.3592032045414555,0.09018761476100098,0.3411661708185665,0.16103492536921735,0.3592032045414555,False,primary_external_adoption
physics.optics,physics,4800,2950,1850,0.0010416666666666667,physics,190.0,0.3039473684210526,0.6473684210526316,0.1473684210526315,0.1210526315789473,0.2263157894736842,0.1684210526315789,0.0736842105263157,0.1157894736842105,0.131578947368421,0.1684210526315789,-0.5557557960667044,-0.5260559107794395,-0.56920686806596,0.1434210526315789,-0.4446884053680613,2950,0.016271186440677966,0.12610169491525425,0.029491525423728814,0.02745762711864407,True,-0.5484551670056003,-1.133065711267053,-0.697681754690889,-0.9814661006944947,-2.662986978967148,-1.2569649223668988,-0.697681754690889,False,primary_external_adoption
physics.plasm-ph,physics,4783,2933,1850,0.0006272214091574326,physics,190.0,0.3039473684210526,0.6473684210526316,0.1473684210526315,0.1210526315789473,0.2263157894736842,0.1684210526315789,0.0736842105263157,0.1157894736842105,0.131578947368421,0.1684210526315789,-0.5557557960667044,-0.5260559107794395,-0.56920686806596,0.1434210526315789,-0.4446884053680613,2933,0.017388339584043642,0.30378452096829184,0.028298670303443574,0.03034435731333106,True,-0.5359927214828886,-0.3925344452960895,-0.705416915347356,-0.9195576935815749,-1.848084860360553,-0.8723203911164152,-0.705416915347356,False,primary_external_adoption
physics.pop-ph,physics,637,469,168,0.0031397174254317113,physics,190.0,0.3039473684210526,0.6473684210526316,0.1473684210526315,0.1210526315789473,0.2263157894736842,0.1684210526315789,0.0736842105263157,0.1157894736842105,0.131578947368421,0.1684210526315789,-0.5557557960667044,-0.5260559107794395,-0.56920686806596,0.1434210526315789,-0.4446884053680613,469,0.042643923240938165,0.14925373134328357,0.017057569296375266,0.06396588486140725,True,-0.2542530716081246,-1.036574636543057,-0.7783106983110846,-0.19851517321183093,-1.4893428813630125,-0.7029894528347398,-0.7783106983110846,False,primary_external_adoption
physics.soc-ph,physics,4786,2942,1844,0.006895110739657334,physics,190.0,0.3039473684210526,0.6473684210526316,0.1473684210526315,0.1210526315789473,0.2263157894736842,0.1684210526315789,0.0736842105263157,0.1157894736842105,0.131578947368421,0.1684210526315789,-0.5557557960667044,-0.5260559107794395,-0.56920686806596,0.1434210526315789,-0.4446884053680613,2942,0.04078857919782461,0.40108769544527534,0.050645819170632225,0.08905506458191706,True,-0.2749504345439973,0.012997392411881838,-0.5605051119253688,0.3395438234776571,0.07759078134554165,0.03662387057116347,-0.5605051119253688,False,primary_external_adoption
physics.space-ph,physics,1429,924,505,0.0013995801259622112,physics,190.0,0.3039473684210526,0.6473684210526316,0.1473684210526315,0.1210526315789473,0.2263157894736842,0.1684210526315789,0.0736842105263157,0.1157894736842105,0.131578947368421,0.1684210526315789,-0.5557557960667044,-0.5260559107794395,-0.56920686806596,0.1434210526315789,-0.4446884053680613,924,0.0183982683982684,0.4523809523809524,0.05627705627705628,0.03571428571428571,True,-0.5247264211516965,0.22677303600172818,-0.5239889223461752,-0.8043949692558336,-1.1023483544058021,-0.5203229398644615,-0.5239889223461752,False,primary_external_adoption
q-bio.BM,q-bio,1811,815,996,0.04527885146327996,q-bio,385.5,0.3373234683281412,0.6657632398753894,0.18232606438213916,0.15921079958463136,0.2061370716510903,0.17344755970924192,0.09916926272066455,0.16877466251298018,0.1458566978193146,0.2072377985462097,0.40128505124529357,-0.17343899429876797,0.7102883995416803,0.1771677050882658,0.6060306974303237,815,0.06134969325153374,0.4883435582822086,0.3104294478527607,0.10552147239263804,True,-0.045580123676297365,0.3766549051010115,1.1240817835022028,0.6926800744198799,1.0237548558445941,0.48322577356294,1.1240817835022028,False,primary_external_adoption
q-bio.CB,q-bio,457,299,158,0.010940919037199124,q-bio,385.5,0.3373234683281412,0.6657632398753894,0.18232606438213916,0.15921079958463136,0.2061370716510903,0.17344755970924192,0.09916926272066455,0.16877466251298018,0.1458566978193146,0.2072377985462097,0.40128505124529357,-0.17343899429876797,0.7102883995416803,0.1771677050882658,0.6060306974303237,299,0.023411371237458192,0.2608695652173913,0.056856187290969896,0.12709030100334448,True,-0.4688025566357423,-0.5713917227113874,-0.5202335028005952,1.1552421195455391,0.11504784019840941,0.05430409561355115,-0.5202335028005952,False,primary_external_adoption
q-bio.GN,q-bio,1070,520,550,0.0794392523364486,q-bio,385.5,0.3373234683281412,0.6657632398753894,0.18232606438213916,0.15921079958463136,0.2061370716510903,0.17344755970924192,0.09916926272066455,0.16877466251298018,0.1458566978193146,0.2072377985462097,0.40128505124529357,-0.17343899429876797,0.7102883995416803,0.1771677050882658,0.6060306974303237,520,0.06153846153846154,0.7211538461538461,0.2423076923076923,0.11538461538461539,True,-0.04347431167887878,1.3469416854181286,0.6823410269083392,0.9042036428102,2.20767101654945,1.0420497921491965,0.6823410269083392,False,primary_external_adoption
q-bio.MN,q-bio,930,545,385,0.007526881720430108,q-bio,385.5,0.3373234683281412,0.6657632398753894,0.18232606438213916,0.15921079958463136,0.2061370716510903,0.17344755970924192,0.09916926272066455,0.16877466251298018,0.1458566978193146,0.2072377985462097,0.40128505124529357,-0.17343899429876797,0.7102883995416803,0.1771677050882658,0.6060306974303237,545,0.06972477064220184,0.42752293577981654,0.08256880733944955,0.13211009174311927,True,0.047848379255042976,0.1231719232094789,-0.3534980429853906,1.2628958411547175,1.4339161436192394,0.6768273027170653,-0.3534980429853906,False,primary_external_adoption
q-bio.NC,q-bio,4185,2420,1765,0.01816009557945042,q-bio,385.5,0.3373234683281412,0.6657632398753894,0.18232606438213916,0.15921079958463136,0.2061370716510903,0.17344755970924192,0.09916926272066455,0.16877466251298018,0.1458566978193146,0.2072377985462097,0.40128505124529357,-0.17343899429876797,0.7102883995416803,0.1771677050882658,0.6060306974303237,2420,0.06818181818181818,0.421900826446281,0.4987603305785124,0.10661157024793388,True,0.030635912821180663,0.09974057739698329,2.34532785914428,0.7160581587115065,0.8464346489296704,0.39952830080798624,2.34532785914428,False,primary_external_adoption
q-bio.OT,q-bio,647,306,341,0.04482225656877898,q-bio,385.5,0.3373234683281412,0.6657632398753894,0.18232606438213916,0.15921079958463136,0.2061370716510903,0.17344755970924192,0.09916926272066455,0.16877466251298018,0.1458566978193146,0.2072377985462097,0.40128505124529357,-0.17343899429876797,0.7102883995416803,0.1771677050882658,0.6060306974303237,306,0.08169934640522876,0.4084967320261438,0.11437908496732026,0.13725490196078433,True,0.18143122686240956,0.04387614057642281,-0.1472218542060231,1.3732307127891115,1.5985380802279439,0.7545310246667329,-0.1472218542060231,False,primary_external_adoption
q-bio.PE,q-bio,3763,2253,1510,0.0007972362476747276,q-bio,385.5,0.3373234683281412,0.6657632398753894,0.18232606438213916,0.15921079958463136,0.2061370716510903,0.17344755970924192,0.09916926272066455,0.16877466251298018,0.1458566978193146,0.2072377985462097,0.40128505124529357,-0.17343899429876797,0.7102883995416803,0.1771677050882658,0.6060306974303237,2253,0.018641810918774968,0.38748335552596536,0.032845095428317796,0.07989347536617843,True,-0.5220095730523098,-0.04370161045144925,-0.6759352723921829,0.143065678061375,-0.42264550544238405,-0.1994942442952359,-0.6759352723921829,False,primary_external_adoption
q-bio.QM,q-bio,3638,1971,1667,0.035184167124793844,q-bio,385.5,0.3373234683281412,0.6657632398753894,0.18232606438213916,0.15921079958463136,0.2061370716510903,0.17344755970924192,0.09916926272066455,0.16877466251298018,0.1458566978193146,0.2072377985462097,0.40128505124529357,-0.17343899429876797,0.7102883995416803,0.1771677050882658,0.6060306974303237,1971,0.0532724505327245,0.6605783866057838,0.350076103500761,0.11009639776763064,True,-0.13568612029338856,1.094480472692316,1.3811735675032375,0.790793276390589,1.7495876287895165,0.825828400726338,1.3811735675032375,False,primary_external_adoption
q-bio.SC,q-bio,227,166,61,0.0,q-bio,385.5,0.3373234683281412,0.6657632398753894,0.18232606438213916,0.15921079958463136,0.2061370716510903,0.17344755970924192,0.09916926272066455,0.16877466251298018,0.1458566978193146,0.2072377985462097,0.40128505124529357,-0.17343899429876797,0.7102883995416803,0.1771677050882658,0.6060306974303237,166,0.05421686746987952,0.2469879518072289,0.04819277108433735,0.1144578313253012,True,-0.12515064026550118,-0.6292463222846663,-0.5764120906714483,0.8843279630686756,0.12993100051850814,0.06132914327772819,-0.5764120906714483,False,primary_external_adoption
q-bio.TO,q-bio,768,472,296,0.010416666666666666,q-bio,385.5,0.3373234683281412,0.6657632398753894,0.18232606438213916,0.15921079958463136,0.2061370716510903,0.17344755970924192,0.09916926272066455,0.16877466251298018,0.1458566978193146,0.2072377985462097,0.40128505124529357,-0.17343899429876797,0.7102883995416803,0.1771677050882658,0.6060306974303237,472,0.02754237288135593,0.3326271186440678,0.07203389830508475,0.11652542372881355,True,-0.4227190064554993,-0.27232673673365354,-0.42181246985609877,0.9286692570683049,0.23362351387915214,0.11027337508803267,-0.42181246985609877,False,primary_external_adoption
q-fin.CP,q-fin,442,205,237,0.09502262443438914,q-fin,54.0,0.3611111111111111,0.7777777777777778,0.1851851851851851,0.2407407407407407,0.1851851851851851,0.2407407407407407,0.1111111111111111,0.1666666666666666,0.1296296296296296,0.2962962962962963,1.0833822965179063,1.973808083083738,0.8149359440724616,0.23611111111111108,2.4412634741240873,205,0.05853658536585366,0.6731707317073171,0.5170731707317073,0.07317073170731707,True,-0.07696185856465665,1.1469617702196202,2.46407887781559,-0.0011093307823999358,1.0688905808725637,0.504530430158655,2.46407887781559,False,primary_external_adoption
q-fin.EC,q-fin,2,2,0,0.0,q-fin,54.0,0.3611111111111111,0.7777777777777778,0.1851851851851851,0.2407407407407407,0.1851851851851851,0.2407407407407407,0.1111111111111111,0.1666666666666666,0.1296296296296296,0.2962962962962963,1.0833822965179063,1.973808083083738,0.8149359440724616,0.23611111111111108,2.4412634741240873,2,0.0,0.5,0.0,0.0,False,-0.7299690228373251,0.42523562465471904,-0.888921816687915,-1.5703184850095728,-1.875051883192179,-0.8850491810157816,-0.888921816687915,False,primary_external_adoption
q-fin.GN,q-fin,239,154,85,0.07531380753138076,q-fin,54.0,0.3611111111111111,0.7777777777777778,0.1851851851851851,0.2407407407407407,0.1851851851851851,0.2407407407407407,0.1111111111111111,0.1666666666666666,0.1296296296296296,0.2962962962962963,1.0833822965179063,1.973808083083738,0.8149359440724616,0.23611111111111108,2.4412634741240873,154,0.05194805194805195,0.4675324675324675,0.17532467532467533,0.14285714285714285,True,-0.15046050043084444,0.28992022330040707,0.2479845079921205,1.4933755780053837,1.6328353008749463,0.7707197644647324,0.2479845079921205,False,primary_external_adoption
q-fin.MF,q-fin,398,222,176,0.002512562814070352,q-fin,54.0,0.3611111111111111,0.7777777777777778,0.1851851851851851,0.2407407407407407,0.1851851851851851,0.2407407407407407,0.1111111111111111,0.1666666666666666,0.1296296296296296,0.2962962962962963,1.0833822965179063,1.973808083083738,0.8149359440724616,0.23611111111111108,2.4412634741240873,222,0.03153153153153153,0.2927927927927928,0.09009009009009009,0.08558558558558559,True,-0.37821779133158967,-0.43834482867316016,-0.3047257072427183,0.2651378680579463,-0.5514247519468034,-0.26027974451111663,-0.3047257072427183,False,primary_external_adoption
q-fin.PM,q-fin,354,163,191,0.03954802259887006,q-fin,54.0,0.3611111111111111,0.7777777777777778,0.1851851851851851,0.2407407407407407,0.1851851851851851,0.2407407407407407,0.1111111111111111,0.1666666666666666,0.1296296296296296,0.2962962962962963,1.0833822965179063,1.973808083083738,0.8149359440724616,0.23611111111111108,2.4412634741240873,163,0.006134969325153374,0.6257668711656442,0.27607361963190186,0.1165644171779141,True,-0.6615301329212223,0.949396019839459,0.9012987763665377,0.9295055050578457,1.2173713919760822,0.5746153283109154,0.9012987763665377,False,primary_external_adoption
q-fin.PR,q-fin,139,85,54,0.014388489208633094,q-fin,54.0,0.3611111111111111,0.7777777777777778,0.1851851851851851,0.2407407407407407,0.1851851851851851,0.2407407407407407,0.1111111111111111,0.1666666666666666,0.1296296296296296,0.2962962962962963,1.0833822965179063,1.973808083083738,0.8149359440724616,0.23611111111111108,2.4412634741240873,85,0.03529411764705882,0.32941176470588235,0.21176470588235294,0.047058823529411764,True,-0.3362441149670397,-0.2857274135198189,0.4842826852785592,-0.5611016171928812,-1.1830731456797396,-0.5584261043929204,0.4842826852785592,False,primary_external_adoption
q-fin.RM,q-fin,364,171,193,0.03296703296703297,q-fin,54.0,0.3611111111111111,0.7777777777777778,0.1851851851851851,0.2407407407407407,0.1851851851851851,0.2407407407407407,0.1111111111111111,0.1666666666666666,0.1296296296296296,0.2962962962962963,1.0833822965179063,1.973808083083738,0.8149359440724616,0.23611111111111108,2.4412634741240873,171,0.03508771929824561,0.5029239766081871,0.21637426900584794,0.0935672514619883,True,-0.3385465998083864,0.43742192395797275,0.5141737514357241,0.4363115445674748,0.5351868687170611,0.252615249793538,0.5141737514357241,False,primary_external_adoption
q-fin.ST,q-fin,768,409,359,0.053385416666666664,q-fin,54.0,0.3611111111111111,0.7777777777777778,0.1851851851851851,0.2407407407407407,0.1851851851851851,0.2407407407407407,0.1111111111111111,0.1666666666666666,0.1296296296296296,0.2962962962962963,1.0833822965179063,1.973808083083738,0.8149359440724616,0.23611111111111108,2.4412634741240873,409,0.06601466992665037,0.628361858190709,0.44254278728606355,0.09046454767726161,True,0.006460205819810108,0.9602111845322798,1.980780881322708,0.3697713984155465,1.3364427887676364,0.6308185956217695,1.980780881322708,False,primary_external_adoption
q-fin.TR,q-fin,312,155,157,0.07051282051282051,q-fin,54.0,0.3611111111111111,0.7777777777777778,0.1851851851851851,0.2407407407407407,0.1851851851851851,0.2407407407407407,0.1111111111111111,0.1666666666666666,0.1296296296296296,0.2962962962962963,1.0833822965179063,1.973808083083738,0.8149359440724616,0.23611111111111108,2.4412634741240873,155,0.012903225806451613,0.5548387096774193,0.45806451612903226,0.11612903225806452,True,-0.5860265834008767,0.6537877025550988,2.081432724304082,0.9201683016993598,0.9879294208535819,0.4663156964698468,2.081432724304082,False,primary_external_adoption
quant-ph,quant-ph,4800,2950,1850,0.0020833333333333333,quant-ph,190.0,0.3039473684210526,0.6473684210526316,0.1473684210526315,0.1210526315789473,0.2263157894736842,0.1684210526315789,0.0736842105263157,0.1157894736842105,0.131578947368421,0.1684210526315789,-0.5557557960667044,-0.5260559107794395,-0.56920686806596,0.1434210526315789,-0.4446884053680613,2950,0.04135593220338983,0.331864406779661,0.08542372881355932,0.03932203389830508,True,-0.26862130593169126,-0.2755055019247905,-0.3349850853861847,-0.7270237124102017,-1.2711505202666835,-0.5999997850696835,-0.3349850853861847,False,primary_external_adoption
stat.AP,stat,4796,2946,1850,0.0035446205170975814,stat,75.0,0.3175675675675675,0.6533333333333333,0.16,0.12,0.12,0.1333333333333333,0.08,0.0933333333333333,0.16,0.1733333333333333,-0.16520426464076002,-0.41171235590318694,-0.10687462978466984,0.12999999999999998,-0.8625596711998887,2946,0.027834351663272233,0.7742701968771215,0.0943652410047522,0.13611676849966056,True,-0.41946182575021385,1.568315463169298,-0.2770031627415511,1.3488224636947665,2.497676101113851,1.1789360110772669,-0.2770031627415511,False,primary_external_adoption
stat.CO,stat,2395,1501,894,0.0016701461377870565,stat,75.0,0.3175675675675675,0.6533333333333333,0.16,0.12,0.12,0.1333333333333333,0.08,0.0933333333333333,0.16,0.1733333333333333,-0.16520426464076002,-0.41171235590318694,-0.10687462978466984,0.12999999999999998,-0.8625596711998887,1501,0.038640906062624915,0.8427714856762158,0.07395069953364423,0.11392405063291139,True,-0.29890888608393695,1.85380926829312,-0.4093828250507219,0.8728805779010889,2.4277809601102716,1.1459445840897182,-0.4093828250507219,False,primary_external_adoption
stat.ME,stat,4800,2950,1850,0.0020833333333333333,stat,75.0,0.3175675675675675,0.6533333333333333,0.16,0.12,0.12,0.1333333333333333,0.08,0.0933333333333333,0.16,0.1733333333333333,-0.16520426464076002,-0.41171235590318694,-0.10687462978466984,0.12999999999999998,-0.8625596711998887,2950,0.015932203389830507,0.8277966101694916,0.05694915254237288,0.15016949152542372,True,-0.5522367056687613,1.791398264578884,-0.5196306624867616,1.6501951724173358,2.8893567313274584,1.3638144264948358,-0.5196306624867616,False,primary_external_adoption
stat.ML,stat,4800,2950,1850,0.011041666666666667,stat,75.0,0.3175675675675675,0.6533333333333333,0.16,0.12,0.12,0.1333333333333333,0.08,0.0933333333333333,0.16,0.1733333333333333,-0.16520426464076002,-0.41171235590318694,-0.10687462978466984,0.12999999999999998,-0.8625596711998887,2950,0.04135593220338983,0.7766101694915254,0.4369491525423729,0.07525423728813559,True,-0.26862130593169126,1.5780678006403637,1.9445085271530784,0.04357323496508562,1.353019729673758,0.6386431300275762,1.9445085271530784,True,primary_external_adoption
stat.OT,stat,480,288,192,0.016666666666666666,stat,75.0,0.3175675675675675,0.6533333333333333,0.16,0.12,0.12,0.1333333333333333,0.08,0.0933333333333333,0.16,0.1733333333333333,-0.16520426464076002,-0.41171235590318694,-0.10687462978466984,0.12999999999999998,-0.8625596711998887,288,0.08680555555555555,0.5833333333333334,0.06597222222222222,0.1736111111111111,True,0.23839374246864292,0.7725451547974532,-0.46111987404210947,2.1529208276822147,3.1638597249483107,1.4933834543538986,-0.46111987404210947,False,primary_external_adoption
